Kód obce,Název obce,Voliči v seznamu,Vydané obálky,Platné hlasy,Strany,odkaz
529303,Benešov,13104,8485,8437,"['Občanská demokratická strana', 'Řád národa - Vlastenecká unie', 'CESTA ODPOVĚDNÉ SPOLEČNOSTI', 'Česká str.sociálně demokrat.', 'Radostné Česko', 'STAROSTOVÉ A NEZÁVISLÍ', 'Komunistická str.Čech a Moravy', 'Strana zelených', 'ROZUMNÍ-stop migraci,diktát.EU', 'Strana svobodných občanů', 'Blok proti islam.-Obran.domova', 'Občanská demokratická aliance', 'Česká pirátská strana', 'Unie H.A.V.E.L.', 'Referendum o Evropské unii', 'TOP 09', 'ANO 2011', 'Dobrá volba 2016', 'SPR-Republ.str.Čsl. M.Sládka', 'Křesť.demokr.unie-Čs.str.lid.', 'Česká strana národně sociální', 'REALISTÉ', 'SPORTOVCI', 'Dělnic.str.sociální spravedl.', 'Svob.a př.dem.-T.Okamura (SPD)', 'Strana Práv Občanů']",https://volby.cz/pls/ps2017nss/ps33?xjazyk=CZ&xkraj=2&xobec=529303
532568,Bernartice,191,148,148,"['Občanská demokratická strana', 'Řád národa - Vlastenecká unie', 'CESTA ODPOVĚDNÉ SPOLEČNOSTI', 'Česká str.sociálně demokrat.', 'Radostné Česko', 'STAROSTOVÉ A NEZÁVISLÍ', 'Komunistická str.Čech a Moravy', 'Strana zelených', 'ROZUMNÍ-stop migraci,diktát.EU', 'Strana svobodných občanů', 'Blok proti islam.-Obran.domova', 'Občanská demokratická aliance', 'Česká pirátská strana', 'Unie H.A.V.E.L.', 'Referendum o Evropské unii', 'TOP 09', 'ANO 2011', 'Dobrá volba 2016', 'SPR-Republ.str.Čsl. M.Sládka', 'Křesť.demokr.unie-Čs.str.lid.', 'Česká strana národně sociální', 'REALISTÉ', 'SPORTOVCI', 'Dělnic.str.sociální spravedl.', 'Svob.a př.dem.-T.Okamura (SPD)', 'Strana Práv Občanů']",https://volby.cz/pls/ps2017nss/ps311?xjazyk=CZ&xkraj=2&xobec=532568&xvyber=2101
530743,Bílkovice,170,121,118,"['Občanská demokratická strana', 'Řád národa - Vlastenecká unie', 'CESTA ODPOVĚDNÉ SPOLEČNOSTI', 'Česká str.sociálně demokrat.', 'Radostné Česko', 'STAROSTOVÉ A NEZÁVISLÍ', 'Komunistická str.Čech a Moravy', 'Strana zelených', 'ROZUMNÍ-stop migraci,diktát.EU', 'Strana svobodných občanů', 'Blok proti islam.-Obran.domova', 'Občanská demokratická aliance', 'Česká pirátská strana', 'Unie H.A.V.E.L.', 'Referendum o Evropské unii', 'TOP 09', 'ANO 2011', 'Dobrá volba 2016', 'SPR-Republ.str.Čsl. M.Sládka', 'Křesť.demokr.unie-Čs.str.lid.', 'Česká strana národně sociální', 'REALISTÉ', 'SPORTOVCI', 'Dělnic.str.sociální spravedl.', 'Svob.a př.dem.-T.Okamura (SPD)', 'Strana Práv Občanů']",https://volby.cz/pls/ps2017nss/ps311?xjazyk=CZ&xkraj=2&xobec=530743&xvyber=2101
532380,Blažejovice,96,80,77,"['Občanská demokratická strana', 'Řád národa - Vlastenecká unie', 'CESTA ODPOVĚDNÉ SPOLEČNOSTI', 'Česká str.sociálně demokrat.', 'Radostné Česko', 'STAROSTOVÉ A NEZÁVISLÍ', 'Komunistická str.Čech a Moravy', 'Strana zelených', 'ROZUMNÍ-stop migraci,diktát.EU', 'Strana svobodných občanů', 'Blok proti islam.-Obran.domova', 'Občanská demokratická aliance', 'Česká pirátská strana', 'Unie H.A.V.E.L.', 'Referendum o Evropské unii', 'TOP 09', 'ANO 2011', 'Dobrá volba 2016', 'SPR-Republ.str.Čsl. M.Sládka', 'Křesť.demokr.unie-Čs.str.lid.', 'Česká strana národně sociální', 'REALISTÉ', 'SPORTOVCI', 'Dělnic.str.sociální spravedl.', 'Svob.a př.dem.-T.Okamura (SPD)', 'Strana Práv Občanů']",https://volby.cz/pls/ps2017nss/ps311?xjazyk=CZ&xkraj=2&xobec=532380&xvyber=2101
532096,Borovnice,73,54,53,"['Občanská demokratická strana', 'Řád národa - Vlastenecká unie', 'CESTA ODPOVĚDNÉ SPOLEČNOSTI', 'Česká str.sociálně demokrat.', 'Radostné Česko', 'STAROSTOVÉ A NEZÁVISLÍ', 'Komunistická str.Čech a Moravy', 'Strana zelených', 'ROZUMNÍ-stop migraci,diktát.EU', 'Strana svobodných občanů', 'Blok proti islam.-Obran.domova', 'Občanská demokratická aliance', 'Česká pirátská strana', 'Unie H.A.V.E.L.', 'Referendum o Evropské unii', 'TOP 09', 'ANO 2011', 'Dobrá volba 2016', 'SPR-Republ.str.Čsl. M.Sládka', 'Křesť.demokr.unie-Čs.str.lid.', 'Česká strana národně sociální', 'REALISTÉ', 'SPORTOVCI', 'Dělnic.str.sociální spravedl.', 'Svob.a př.dem.-T.Okamura (SPD)', 'Strana Práv Občanů']",https://volby.cz/pls/ps2017nss/ps311?xjazyk=CZ&xkraj=2&xobec=532096&xvyber=2101
532924,Bukovany,598,393,393,"['Občanská demokratická strana', 'Řád národa - Vlastenecká unie', 'CESTA ODPOVĚDNÉ SPOLEČNOSTI', 'Česká str.sociálně demokrat.', 'Radostné Česko', 'STAROSTOVÉ A NEZÁVISLÍ', 'Komunistická str.Čech a Moravy', 'Strana zelených', 'ROZUMNÍ-stop migraci,diktát.EU', 'Strana svobodných občanů', 'Blok proti islam.-Obran.domova', 'Občanská demokratická aliance', 'Česká pirátská strana', 'Unie H.A.V.E.L.', 'Referendum o Evropské unii', 'TOP 09', 'ANO 2011', 'Dobrá volba 2016', 'SPR-Republ.str.Čsl. M.Sládka', 'Křesť.demokr.unie-Čs.str.lid.', 'Česká strana národně sociální', 'REALISTÉ', 'SPORTOVCI', 'Dělnic.str.sociální spravedl.', 'Svob.a př.dem.-T.Okamura (SPD)', 'Strana Práv Občanů']",https://volby.cz/pls/ps2017nss/ps311?xjazyk=CZ&xkraj=2&xobec=532924&xvyber=2101
529451,Bystřice,3490,2206,2200,"['Občanská demokratická strana', 'Řád národa - Vlastenecká unie', 'CESTA ODPOVĚDNÉ SPOLEČNOSTI', 'Česká str.sociálně demokrat.', 'Radostné Česko', 'STAROSTOVÉ A NEZÁVISLÍ', 'Komunistická str.Čech a Moravy', 'Strana zelených', 'ROZUMNÍ-stop migraci,diktát.EU', 'Strana svobodných občanů', 'Blok proti islam.-Obran.domova', 'Občanská demokratická aliance', 'Česká pirátská strana', 'Unie H.A.V.E.L.', 'Referendum o Evropské unii', 'TOP 09', 'ANO 2011', 'Dobrá volba 2016', 'SPR-Republ.str.Čsl. M.Sládka', 'Křesť.demokr.unie-Čs.str.lid.', 'Česká strana národně sociální', 'REALISTÉ', 'SPORTOVCI', 'Dělnic.str.sociální spravedl.', 'Svob.a př.dem.-T.Okamura (SPD)', 'Strana Práv Občanů']",https://volby.cz/pls/ps2017nss/ps33?xjazyk=CZ&xkraj=2&xobec=529451
532690,Ctiboř,106,83,83,"['Občanská demokratická strana', 'Řád národa - Vlastenecká unie', 'CESTA ODPOVĚDNÉ SPOLEČNOSTI', 'Česká str.sociálně demokrat.', 'Radostné Česko', 'STAROSTOVÉ A NEZÁVISLÍ', 'Komunistická str.Čech a Moravy', 'Strana zelených', 'ROZUMNÍ-stop migraci,diktát.EU', 'Strana svobodných občanů', 'Blok proti islam.-Obran.domova', 'Občanská demokratická aliance', 'Česká pirátská strana', 'Unie H.A.V.E.L.', 'Referendum o Evropské unii', 'TOP 09', 'ANO 2011', 'Dobrá volba 2016', 'SPR-Republ.str.Čsl. M.Sládka', 'Křesť.demokr.unie-Čs.str.lid.', 'Česká strana národně sociální', 'REALISTÉ', 'SPORTOVCI', 'Dělnic.str.sociální spravedl.', 'Svob.a př.dem.-T.Okamura (SPD)', 'Strana Práv Občanů']",https://volby.cz/pls/ps2017nss/ps311?xjazyk=CZ&xkraj=2&xobec=532690&xvyber=2101
529478,Čakov,93,71,71,"['Občanská demokratická strana', 'Řád národa - Vlastenecká unie', 'CESTA ODPOVĚDNÉ SPOLEČNOSTI', 'Česká str.sociálně demokrat.', 'Radostné Česko', 'STAROSTOVÉ A NEZÁVISLÍ', 'Komunistická str.Čech a Moravy', 'Strana zelených', 'ROZUMNÍ-stop migraci,diktát.EU', 'Strana svobodných občanů', 'Blok proti islam.-Obran.domova', 'Občanská demokratická aliance', 'Česká pirátská strana', 'Unie H.A.V.E.L.', 'Referendum o Evropské unii', 'TOP 09', 'ANO 2011', 'Dobrá volba 2016', 'SPR-Republ.str.Čsl. M.Sládka', 'Křesť.demokr.unie-Čs.str.lid.', 'Česká strana národně sociální', 'REALISTÉ', 'SPORTOVCI', 'Dělnic.str.sociální spravedl.', 'Svob.a př.dem.-T.Okamura (SPD)', 'Strana Práv Občanů']",https://volby.cz/pls/ps2017nss/ps311?xjazyk=CZ&xkraj=2&xobec=529478&xvyber=2101
529486,Čechtice,1140,750,744,"['Občanská demokratická strana', 'Řád národa - Vlastenecká unie', 'CESTA ODPOVĚDNÉ SPOLEČNOSTI', 'Česká str.sociálně demokrat.', 'Radostné Česko', 'STAROSTOVÉ A NEZÁVISLÍ', 'Komunistická str.Čech a Moravy', 'Strana zelených', 'ROZUMNÍ-stop migraci,diktát.EU', 'Strana svobodných občanů', 'Blok proti islam.-Obran.domova', 'Občanská demokratická aliance', 'Česká pirátská strana', 'Unie H.A.V.E.L.', 'Referendum o Evropské unii', 'TOP 09', 'ANO 2011', 'Dobrá volba 2016', 'SPR-Republ.str.Čsl. M.Sládka', 'Křesť.demokr.unie-Čs.str.lid.', 'Česká strana národně sociální', 'REALISTÉ', 'SPORTOVCI', 'Dělnic.str.sociální spravedl.', 'Svob.a př.dem.-T.Okamura (SPD)', 'Strana Práv Občanů']",https://volby.cz/pls/ps2017nss/ps33?xjazyk=CZ&xkraj=2&xobec=529486
529516,Čerčany,2195,1453,1443,"['Občanská demokratická strana', 'Řád národa - Vlastenecká unie', 'CESTA ODPOVĚDNÉ SPOLEČNOSTI', 'Česká str.sociálně demokrat.', 'Radostné Česko', 'STAROSTOVÉ A NEZÁVISLÍ', 'Komunistická str.Čech a Moravy', 'Strana zelených', 'ROZUMNÍ-stop migraci,diktát.EU', 'Strana svobodných občanů', 'Blok proti islam.-Obran.domova', 'Občanská demokratická aliance', 'Česká pirátská strana', 'Unie H.A.V.E.L.', 'Referendum o Evropské unii', 'TOP 09', 'ANO 2011', 'Dobrá volba 2016', 'SPR-Republ.str.Čsl. M.Sládka', 'Křesť.demokr.unie-Čs.str.lid.', 'Česká strana národně sociální', 'REALISTÉ', 'SPORTOVCI', 'Dělnic.str.sociální spravedl.', 'Svob.a př.dem.-T.Okamura (SPD)', 'Strana Práv Občanů']",https://volby.cz/pls/ps2017nss/ps33?xjazyk=CZ&xkraj=2&xobec=529516
529532,Červený Újezd,258,187,187,"['Občanská demokratická strana', 'Řád národa - Vlastenecká unie', 'CESTA ODPOVĚDNÉ SPOLEČNOSTI', 'Česká str.sociálně demokrat.', 'Radostné Česko', 'STAROSTOVÉ A NEZÁVISLÍ', 'Komunistická str.Čech a Moravy', 'Strana zelených', 'ROZUMNÍ-stop migraci,diktát.EU', 'Strana svobodných občanů', 'Blok proti islam.-Obran.domova', 'Občanská demokratická aliance', 'Česká pirátská strana', 'Unie H.A.V.E.L.', 'Referendum o Evropské unii', 'TOP 09', 'ANO 2011', 'Dobrá volba 2016', 'SPR-Republ.str.Čsl. M.Sládka', 'Křesť.demokr.unie-Čs.str.lid.', 'Česká strana národně sociální', 'REALISTÉ', 'SPORTOVCI', 'Dělnic.str.sociální spravedl.', 'Svob.a př.dem.-T.Okamura (SPD)', 'Strana Práv Občanů']",https://volby.cz/pls/ps2017nss/ps311?xjazyk=CZ&xkraj=2&xobec=529532&xvyber=2101
529541,Český Šternberk,129,82,82,"['Občanská demokratická strana', 'Řád národa - Vlastenecká unie', 'CESTA ODPOVĚDNÉ SPOLEČNOSTI', 'Česká str.sociálně demokrat.', 'Radostné Česko', 'STAROSTOVÉ A NEZÁVISLÍ', 'Komunistická str.Čech a Moravy', 'Strana zelených', 'ROZUMNÍ-stop migraci,diktát.EU', 'Strana svobodných občanů', 'Blok proti islam.-Obran.domova', 'Občanská demokratická aliance', 'Česká pirátská strana', 'Unie H.A.V.E.L.', 'Referendum o Evropské unii', 'TOP 09', 'ANO 2011', 'Dobrá volba 2016', 'SPR-Republ.str.Čsl. M.Sládka', 'Křesť.demokr.unie-Čs.str.lid.', 'Česká strana národně sociální', 'REALISTÉ', 'SPORTOVCI', 'Dělnic.str.sociální spravedl.', 'Svob.a př.dem.-T.Okamura (SPD)', 'Strana Práv Občanů']",https://volby.cz/pls/ps2017nss/ps311?xjazyk=CZ&xkraj=2&xobec=529541&xvyber=2101
529567,Čtyřkoly,539,403,400,"['Občanská demokratická strana', 'Řád národa - Vlastenecká unie', 'CESTA ODPOVĚDNÉ SPOLEČNOSTI', 'Česká str.sociálně demokrat.', 'Radostné Česko', 'STAROSTOVÉ A NEZÁVISLÍ', 'Komunistická str.Čech a Moravy', 'Strana zelených', 'ROZUMNÍ-stop migraci,diktát.EU', 'Strana svobodných občanů', 'Blok proti islam.-Obran.domova', 'Občanská demokratická aliance', 'Česká pirátská strana', 'Unie H.A.V.E.L.', 'Referendum o Evropské unii', 'TOP 09', 'ANO 2011', 'Dobrá volba 2016', 'SPR-Republ.str.Čsl. M.Sládka', 'Křesť.demokr.unie-Čs.str.lid.', 'Česká strana národně sociální', 'REALISTÉ', 'SPORTOVCI', 'Dělnic.str.sociální spravedl.', 'Svob.a př.dem.-T.Okamura (SPD)', 'Strana Práv Občanů']",https://volby.cz/pls/ps2017nss/ps311?xjazyk=CZ&xkraj=2&xobec=529567&xvyber=2101
532746,Děkanovice,49,40,40,"['Občanská demokratická strana', 'Řád národa - Vlastenecká unie', 'CESTA ODPOVĚDNÉ SPOLEČNOSTI', 'Česká str.sociálně demokrat.', 'Radostné Česko', 'STAROSTOVÉ A NEZÁVISLÍ', 'Komunistická str.Čech a Moravy', 'Strana zelených', 'ROZUMNÍ-stop migraci,diktát.EU', 'Strana svobodných občanů', 'Blok proti islam.-Obran.domova', 'Občanská demokratická aliance', 'Česká pirátská strana', 'Unie H.A.V.E.L.', 'Referendum o Evropské unii', 'TOP 09', 'ANO 2011', 'Dobrá volba 2016', 'SPR-Republ.str.Čsl. M.Sládka', 'Křesť.demokr.unie-Čs.str.lid.', 'Česká strana národně sociální', 'REALISTÉ', 'SPORTOVCI', 'Dělnic.str.sociální spravedl.', 'Svob.a př.dem.-T.Okamura (SPD)', 'Strana Práv Občanů']",https://volby.cz/pls/ps2017nss/ps311?xjazyk=CZ&xkraj=2&xobec=532746&xvyber=2101
529621,Divišov,1305,830,816,"['Občanská demokratická strana', 'Řád národa - Vlastenecká unie', 'CESTA ODPOVĚDNÉ SPOLEČNOSTI', 'Česká str.sociálně demokrat.', 'Radostné Česko', 'STAROSTOVÉ A NEZÁVISLÍ', 'Komunistická str.Čech a Moravy', 'Strana zelených', 'ROZUMNÍ-stop migraci,diktát.EU', 'Strana svobodných občanů', 'Blok proti islam.-Obran.domova', 'Občanská demokratická aliance', 'Česká pirátská strana', 'Unie H.A.V.E.L.', 'Referendum o Evropské unii', 'TOP 09', 'ANO 2011', 'Dobrá volba 2016', 'SPR-Republ.str.Čsl. M.Sládka', 'Křesť.demokr.unie-Čs.str.lid.', 'Česká strana národně sociální', 'REALISTÉ', 'SPORTOVCI', 'Dělnic.str.sociální spravedl.', 'Svob.a př.dem.-T.Okamura (SPD)', 'Strana Práv Občanů']",https://volby.cz/pls/ps2017nss/ps33?xjazyk=CZ&xkraj=2&xobec=529621
529648,Dolní Kralovice,727,445,445,"['Občanská demokratická strana', 'Řád národa - Vlastenecká unie', 'CESTA ODPOVĚDNÉ SPOLEČNOSTI', 'Česká str.sociálně demokrat.', 'Radostné Česko', 'STAROSTOVÉ A NEZÁVISLÍ', 'Komunistická str.Čech a Moravy', 'Strana zelených', 'ROZUMNÍ-stop migraci,diktát.EU', 'Strana svobodných občanů', 'Blok proti islam.-Obran.domova', 'Občanská demokratická aliance', 'Česká pirátská strana', 'Unie H.A.V.E.L.', 'Referendum o Evropské unii', 'TOP 09', 'ANO 2011', 'Dobrá volba 2016', 'SPR-Republ.str.Čsl. M.Sládka', 'Křesť.demokr.unie-Čs.str.lid.', 'Česká strana národně sociální', 'REALISTÉ', 'SPORTOVCI', 'Dělnic.str.sociální spravedl.', 'Svob.a př.dem.-T.Okamura (SPD)', 'Strana Práv Občanů']",https://volby.cz/pls/ps2017nss/ps311?xjazyk=CZ&xkraj=2&xobec=529648&xvyber=2101
532151,Drahňovice,70,58,57,"['Občanská demokratická strana', 'Řád národa - Vlastenecká unie', 'CESTA ODPOVĚDNÉ SPOLEČNOSTI', 'Česká str.sociálně demokrat.', 'Radostné Česko', 'STAROSTOVÉ A NEZÁVISLÍ', 'Komunistická str.Čech a Moravy', 'Strana zelených', 'ROZUMNÍ-stop migraci,diktát.EU', 'Strana svobodných občanů', 'Blok proti islam.-Obran.domova', 'Občanská demokratická aliance', 'Česká pirátská strana', 'Unie H.A.V.E.L.', 'Referendum o Evropské unii', 'TOP 09', 'ANO 2011', 'Dobrá volba 2016', 'SPR-Republ.str.Čsl. M.Sládka', 'Křesť.demokr.unie-Čs.str.lid.', 'Česká strana národně sociální', 'REALISTÉ', 'SPORTOVCI', 'Dělnic.str.sociální spravedl.', 'Svob.a př.dem.-T.Okamura (SPD)', 'Strana Práv Občanů']",https://volby.cz/pls/ps2017nss/ps311?xjazyk=CZ&xkraj=2&xobec=532151&xvyber=2101
532843,Dunice,55,38,38,"['Občanská demokratická strana', 'Řád národa - Vlastenecká unie', 'CESTA ODPOVĚDNÉ SPOLEČNOSTI', 'Česká str.sociálně demokrat.', 'Radostné Česko', 'STAROSTOVÉ A NEZÁVISLÍ', 'Komunistická str.Čech a Moravy', 'Strana zelených', 'ROZUMNÍ-stop migraci,diktát.EU', 'Strana svobodných občanů', 'Blok proti islam.-Obran.domova', 'Občanská demokratická aliance', 'Česká pirátská strana', 'Unie H.A.V.E.L.', 'Referendum o Evropské unii', 'TOP 09', 'ANO 2011', 'Dobrá volba 2016', 'SPR-Republ.str.Čsl. M.Sládka', 'Křesť.demokr.unie-Čs.str.lid.', 'Česká strana národně sociální', 'REALISTÉ', 'SPORTOVCI', 'Dělnic.str.sociální spravedl.', 'Svob.a př.dem.-T.Okamura (SPD)', 'Strana Práv Občanů']",https://volby.cz/pls/ps2017nss/ps311?xjazyk=CZ&xkraj=2&xobec=532843&xvyber=2101
529702,Heřmaničky,571,375,374,"['Občanská demokratická strana', 'Řád národa - Vlastenecká unie', 'CESTA ODPOVĚDNÉ SPOLEČNOSTI', 'Česká str.sociálně demokrat.', 'Radostné Česko', 'STAROSTOVÉ A NEZÁVISLÍ', 'Komunistická str.Čech a Moravy', 'Strana zelených', 'ROZUMNÍ-stop migraci,diktát.EU', 'Strana svobodných občanů', 'Blok proti islam.-Obran.domova', 'Občanská demokratická aliance', 'Česká pirátská strana', 'Unie H.A.V.E.L.', 'Referendum o Evropské unii', 'TOP 09', 'ANO 2011', 'Dobrá volba 2016', 'SPR-Republ.str.Čsl. M.Sládka', 'Křesť.demokr.unie-Čs.str.lid.', 'Česká strana národně sociální', 'REALISTÉ', 'SPORTOVCI', 'Dělnic.str.sociální spravedl.', 'Svob.a př.dem.-T.Okamura (SPD)', 'Strana Práv Občanů']",https://volby.cz/pls/ps2017nss/ps33?xjazyk=CZ&xkraj=2&xobec=529702
532932,Hradiště,24,19,19,"['Občanská demokratická strana', 'Řád národa - Vlastenecká unie', 'CESTA ODPOVĚDNÉ SPOLEČNOSTI', 'Česká str.sociálně demokrat.', 'Radostné Česko', 'STAROSTOVÉ A NEZÁVISLÍ', 'Komunistická str.Čech a Moravy', 'Strana zelených', 'ROZUMNÍ-stop migraci,diktát.EU', 'Strana svobodných občanů', 'Blok proti islam.-Obran.domova', 'Občanská demokratická aliance', 'Česká pirátská strana', 'Unie H.A.V.E.L.', 'Referendum o Evropské unii', 'TOP 09', 'ANO 2011', 'Dobrá volba 2016', 'SPR-Republ.str.Čsl. M.Sládka', 'Křesť.demokr.unie-Čs.str.lid.', 'Česká strana národně sociální', 'REALISTÉ', 'SPORTOVCI', 'Dělnic.str.sociální spravedl.', 'Svob.a př.dem.-T.Okamura (SPD)', 'Strana Práv Občanů']",https://volby.cz/pls/ps2017nss/ps311?xjazyk=CZ&xkraj=2&xobec=532932&xvyber=2101
529737,Hulice,237,173,173,"['Občanská demokratická strana', 'Řád národa - Vlastenecká unie', 'CESTA ODPOVĚDNÉ SPOLEČNOSTI', 'Česká str.sociálně demokrat.', 'Radostné Česko', 'STAROSTOVÉ A NEZÁVISLÍ', 'Komunistická str.Čech a Moravy', 'Strana zelených', 'ROZUMNÍ-stop migraci,diktát.EU', 'Strana svobodných občanů', 'Blok proti islam.-Obran.domova', 'Občanská demokratická aliance', 'Česká pirátská strana', 'Unie H.A.V.E.L.', 'Referendum o Evropské unii', 'TOP 09', 'ANO 2011', 'Dobrá volba 2016', 'SPR-Republ.str.Čsl. M.Sládka', 'Křesť.demokr.unie-Čs.str.lid.', 'Česká strana národně sociální', 'REALISTÉ', 'SPORTOVCI', 'Dělnic.str.sociální spravedl.', 'Svob.a př.dem.-T.Okamura (SPD)', 'Strana Práv Občanů']",https://volby.cz/pls/ps2017nss/ps311?xjazyk=CZ&xkraj=2&xobec=529737&xvyber=2101
529745,Hvězdonice,257,189,189,"['Občanská demokratická strana', 'Řád národa - Vlastenecká unie', 'CESTA ODPOVĚDNÉ SPOLEČNOSTI', 'Česká str.sociálně demokrat.', 'Radostné Česko', 'STAROSTOVÉ A NEZÁVISLÍ', 'Komunistická str.Čech a Moravy', 'Strana zelených', 'ROZUMNÍ-stop migraci,diktát.EU', 'Strana svobodných občanů', 'Blok proti islam.-Obran.domova', 'Občanská demokratická aliance', 'Česká pirátská strana', 'Unie H.A.V.E.L.', 'Referendum o Evropské unii', 'TOP 09', 'ANO 2011', 'Dobrá volba 2016', 'SPR-Republ.str.Čsl. M.Sládka', 'Křesť.demokr.unie-Čs.str.lid.', 'Česká strana národně sociální', 'REALISTÉ', 'SPORTOVCI', 'Dělnic.str.sociální spravedl.', 'Svob.a př.dem.-T.Okamura (SPD)', 'Strana Práv Občanů']",https://volby.cz/pls/ps2017nss/ps311?xjazyk=CZ&xkraj=2&xobec=529745&xvyber=2101
532886,Chářovice,145,114,112,"['Občanská demokratická strana', 'Řád národa - Vlastenecká unie', 'CESTA ODPOVĚDNÉ SPOLEČNOSTI', 'Česká str.sociálně demokrat.', 'Radostné Česko', 'STAROSTOVÉ A NEZÁVISLÍ', 'Komunistická str.Čech a Moravy', 'Strana zelených', 'ROZUMNÍ-stop migraci,diktát.EU', 'Strana svobodných občanů', 'Blok proti islam.-Obran.domova', 'Občanská demokratická aliance', 'Česká pirátská strana', 'Unie H.A.V.E.L.', 'Referendum o Evropské unii', 'TOP 09', 'ANO 2011', 'Dobrá volba 2016', 'SPR-Republ.str.Čsl. M.Sládka', 'Křesť.demokr.unie-Čs.str.lid.', 'Česká strana národně sociální', 'REALISTÉ', 'SPORTOVCI', 'Dělnic.str.sociální spravedl.', 'Svob.a př.dem.-T.Okamura (SPD)', 'Strana Práv Občanů']",https://volby.cz/pls/ps2017nss/ps311?xjazyk=CZ&xkraj=2&xobec=532886&xvyber=2101
532878,Chleby,46,33,32,"['Občanská demokratická strana', 'Řád národa - Vlastenecká unie', 'CESTA ODPOVĚDNÉ SPOLEČNOSTI', 'Česká str.sociálně demokrat.', 'Radostné Česko', 'STAROSTOVÉ A NEZÁVISLÍ', 'Komunistická str.Čech a Moravy', 'Strana zelených', 'ROZUMNÍ-stop migraci,diktát.EU', 'Strana svobodných občanů', 'Blok proti islam.-Obran.domova', 'Občanská demokratická aliance', 'Česká pirátská strana', 'Unie H.A.V.E.L.', 'Referendum o Evropské unii', 'TOP 09', 'ANO 2011', 'Dobrá volba 2016', 'SPR-Republ.str.Čsl. M.Sládka', 'Křesť.demokr.unie-Čs.str.lid.', 'Česká strana národně sociální', 'REALISTÉ', 'SPORTOVCI', 'Dělnic.str.sociální spravedl.', 'Svob.a př.dem.-T.Okamura (SPD)', 'Strana Práv Občanů']",https://volby.cz/pls/ps2017nss/ps311?xjazyk=CZ&xkraj=2&xobec=532878&xvyber=2101
532045,Chlístov,278,177,176,"['Občanská demokratická strana', 'Řád národa - Vlastenecká unie', 'CESTA ODPOVĚDNÉ SPOLEČNOSTI', 'Česká str.sociálně demokrat.', 'Radostné Česko', 'STAROSTOVÉ A NEZÁVISLÍ', 'Komunistická str.Čech a Moravy', 'Strana zelených', 'ROZUMNÍ-stop migraci,diktát.EU', 'Strana svobodných občanů', 'Blok proti islam.-Obran.domova', 'Občanská demokratická aliance', 'Česká pirátská strana', 'Unie H.A.V.E.L.', 'Referendum o Evropské unii', 'TOP 09', 'ANO 2011', 'Dobrá volba 2016', 'SPR-Republ.str.Čsl. M.Sládka', 'Křesť.demokr.unie-Čs.str.lid.', 'Česká strana národně sociální', 'REALISTÉ', 'SPORTOVCI', 'Dělnic.str.sociální spravedl.', 'Svob.a př.dem.-T.Okamura (SPD)', 'Strana Práv Občanů']",https://volby.cz/pls/ps2017nss/ps311?xjazyk=CZ&xkraj=2&xobec=532045&xvyber=2101
529770,Chlum,112,87,87,"['Občanská demokratická strana', 'Řád národa - Vlastenecká unie', 'CESTA ODPOVĚDNÉ SPOLEČNOSTI', 'Česká str.sociálně demokrat.', 'Radostné Česko', 'STAROSTOVÉ A NEZÁVISLÍ', 'Komunistická str.Čech a Moravy', 'Strana zelených', 'ROZUMNÍ-stop migraci,diktát.EU', 'Strana svobodných občanů', 'Blok proti islam.-Obran.domova', 'Občanská demokratická aliance', 'Česká pirátská strana', 'Unie H.A.V.E.L.', 'Referendum o Evropské unii', 'TOP 09', 'ANO 2011', 'Dobrá volba 2016', 'SPR-Republ.str.Čsl. M.Sládka', 'Křesť.demokr.unie-Čs.str.lid.', 'Česká strana národně sociální', 'REALISTÉ', 'SPORTOVCI', 'Dělnic.str.sociální spravedl.', 'Svob.a př.dem.-T.Okamura (SPD)', 'Strana Práv Občanů']",https://volby.cz/pls/ps2017nss/ps311?xjazyk=CZ&xkraj=2&xobec=529770&xvyber=2101
529788,Chmelná,112,95,95,"['Občanská demokratická strana', 'Řád národa - Vlastenecká unie', 'CESTA ODPOVĚDNÉ SPOLEČNOSTI', 'Česká str.sociálně demokrat.', 'Radostné Česko', 'STAROSTOVÉ A NEZÁVISLÍ', 'Komunistická str.Čech a Moravy', 'Strana zelených', 'ROZUMNÍ-stop migraci,diktát.EU', 'Strana svobodných občanů', 'Blok proti islam.-Obran.domova', 'Občanská demokratická aliance', 'Česká pirátská strana', 'Unie H.A.V.E.L.', 'Referendum o Evropské unii', 'TOP 09', 'ANO 2011', 'Dobrá volba 2016', 'SPR-Republ.str.Čsl. M.Sládka', 'Křesť.demokr.unie-Čs.str.lid.', 'Česká strana národně sociální', 'REALISTÉ', 'SPORTOVCI', 'Dělnic.str.sociální spravedl.', 'Svob.a př.dem.-T.Okamura (SPD)', 'Strana Práv Občanů']",https://volby.cz/pls/ps2017nss/ps311?xjazyk=CZ&xkraj=2&xobec=529788&xvyber=2101
529796,Chocerady,991,664,659,"['Občanská demokratická strana', 'Řád národa - Vlastenecká unie', 'CESTA ODPOVĚDNÉ SPOLEČNOSTI', 'Česká str.sociálně demokrat.', 'Radostné Česko', 'STAROSTOVÉ A NEZÁVISLÍ', 'Komunistická str.Čech a Moravy', 'Strana zelených', 'ROZUMNÍ-stop migraci,diktát.EU', 'Strana svobodných občanů', 'Blok proti islam.-Obran.domova', 'Občanská demokratická aliance', 'Česká pirátská strana', 'Unie H.A.V.E.L.', 'Referendum o Evropské unii', 'TOP 09', 'ANO 2011', 'Dobrá volba 2016', 'SPR-Republ.str.Čsl. M.Sládka', 'Křesť.demokr.unie-Čs.str.lid.', 'Česká strana národně sociální', 'REALISTÉ', 'SPORTOVCI', 'Dělnic.str.sociální spravedl.', 'Svob.a př.dem.-T.Okamura (SPD)', 'Strana Práv Občanů']",https://volby.cz/pls/ps2017nss/ps33?xjazyk=CZ&xkraj=2&xobec=529796
532606,Choratice,58,34,34,"['Občanská demokratická strana', 'Řád národa - Vlastenecká unie', 'CESTA ODPOVĚDNÉ SPOLEČNOSTI', 'Česká str.sociálně demokrat.', 'Radostné Česko', 'STAROSTOVÉ A NEZÁVISLÍ', 'Komunistická str.Čech a Moravy', 'Strana zelených', 'ROZUMNÍ-stop migraci,diktát.EU', 'Strana svobodných občanů', 'Blok proti islam.-Obran.domova', 'Občanská demokratická aliance', 'Česká pirátská strana', 'Unie H.A.V.E.L.', 'Referendum o Evropské unii', 'TOP 09', 'ANO 2011', 'Dobrá volba 2016', 'SPR-Republ.str.Čsl. M.Sládka', 'Křesť.demokr.unie-Čs.str.lid.', 'Česká strana národně sociální', 'REALISTÉ', 'SPORTOVCI', 'Dělnic.str.sociální spravedl.', 'Svob.a př.dem.-T.Okamura (SPD)', 'Strana Práv Občanů']",https://volby.cz/pls/ps2017nss/ps311?xjazyk=CZ&xkraj=2&xobec=532606&xvyber=2101
529818,Chotýšany,434,294,292,"['Občanská demokratická strana', 'Řád národa - Vlastenecká unie', 'CESTA ODPOVĚDNÉ SPOLEČNOSTI', 'Česká str.sociálně demokrat.', 'Radostné Česko', 'STAROSTOVÉ A NEZÁVISLÍ', 'Komunistická str.Čech a Moravy', 'Strana zelených', 'ROZUMNÍ-stop migraci,diktát.EU', 'Strana svobodných občanů', 'Blok proti islam.-Obran.domova', 'Občanská demokratická aliance', 'Česká pirátská strana', 'Unie H.A.V.E.L.', 'Referendum o Evropské unii', 'TOP 09', 'ANO 2011', 'Dobrá volba 2016', 'SPR-Republ.str.Čsl. M.Sládka', 'Křesť.demokr.unie-Čs.str.lid.', 'Česká strana národně sociální', 'REALISTÉ', 'SPORTOVCI', 'Dělnic.str.sociální spravedl.', 'Svob.a př.dem.-T.Okamura (SPD)', 'Strana Práv Občanů']",https://volby.cz/pls/ps2017nss/ps311?xjazyk=CZ&xkraj=2&xobec=529818&xvyber=2101
532037,Chrášťany,187,123,123,"['Občanská demokratická strana', 'Řád národa - Vlastenecká unie', 'CESTA ODPOVĚDNÉ SPOLEČNOSTI', 'Česká str.sociálně demokrat.', 'Radostné Česko', 'STAROSTOVÉ A NEZÁVISLÍ', 'Komunistická str.Čech a Moravy', 'Strana zelených', 'ROZUMNÍ-stop migraci,diktát.EU', 'Strana svobodných občanů', 'Blok proti islam.-Obran.domova', 'Občanská demokratická aliance', 'Česká pirátská strana', 'Unie H.A.V.E.L.', 'Referendum o Evropské unii', 'TOP 09', 'ANO 2011', 'Dobrá volba 2016', 'SPR-Republ.str.Čsl. M.Sládka', 'Křesť.demokr.unie-Čs.str.lid.', 'Česká strana národně sociální', 'REALISTÉ', 'SPORTOVCI', 'Dělnic.str.sociální spravedl.', 'Svob.a př.dem.-T.Okamura (SPD)', 'Strana Práv Občanů']",https://volby.cz/pls/ps2017nss/ps311?xjazyk=CZ&xkraj=2&xobec=532037&xvyber=2101
529842,Jankov,748,430,429,"['Občanská demokratická strana', 'Řád národa - Vlastenecká unie', 'CESTA ODPOVĚDNÉ SPOLEČNOSTI', 'Česká str.sociálně demokrat.', 'Radostné Česko', 'STAROSTOVÉ A NEZÁVISLÍ', 'Komunistická str.Čech a Moravy', 'Strana zelených', 'ROZUMNÍ-stop migraci,diktát.EU', 'Strana svobodných občanů', 'Blok proti islam.-Obran.domova', 'Občanská demokratická aliance', 'Česká pirátská strana', 'Unie H.A.V.E.L.', 'Referendum o Evropské unii', 'TOP 09', 'ANO 2011', 'Dobrá volba 2016', 'SPR-Republ.str.Čsl. M.Sládka', 'Křesť.demokr.unie-Čs.str.lid.', 'Česká strana národně sociální', 'REALISTÉ', 'SPORTOVCI', 'Dělnic.str.sociální spravedl.', 'Svob.a př.dem.-T.Okamura (SPD)', 'Strana Práv Občanů']",https://volby.cz/pls/ps2017nss/ps33?xjazyk=CZ&xkraj=2&xobec=529842
529851,Javorník,104,79,79,"['Občanská demokratická strana', 'Řád národa - Vlastenecká unie', 'CESTA ODPOVĚDNÉ SPOLEČNOSTI', 'Česká str.sociálně demokrat.', 'Radostné Česko', 'STAROSTOVÉ A NEZÁVISLÍ', 'Komunistická str.Čech a Moravy', 'Strana zelených', 'ROZUMNÍ-stop migraci,diktát.EU', 'Strana svobodných občanů', 'Blok proti islam.-Obran.domova', 'Občanská demokratická aliance', 'Česká pirátská strana', 'Unie H.A.V.E.L.', 'Referendum o Evropské unii', 'TOP 09', 'ANO 2011', 'Dobrá volba 2016', 'SPR-Republ.str.Čsl. M.Sládka', 'Křesť.demokr.unie-Čs.str.lid.', 'Česká strana národně sociální', 'REALISTÉ', 'SPORTOVCI', 'Dělnic.str.sociální spravedl.', 'Svob.a př.dem.-T.Okamura (SPD)', 'Strana Práv Občanů']",https://volby.cz/pls/ps2017nss/ps311?xjazyk=CZ&xkraj=2&xobec=529851&xvyber=2101
532134,Ješetice,106,68,67,"['Občanská demokratická strana', 'Řád národa - Vlastenecká unie', 'CESTA ODPOVĚDNÉ SPOLEČNOSTI', 'Česká str.sociálně demokrat.', 'Radostné Česko', 'STAROSTOVÉ A NEZÁVISLÍ', 'Komunistická str.Čech a Moravy', 'Strana zelených', 'ROZUMNÍ-stop migraci,diktát.EU', 'Strana svobodných občanů', 'Blok proti islam.-Obran.domova', 'Občanská demokratická aliance', 'Česká pirátská strana', 'Unie H.A.V.E.L.', 'Referendum o Evropské unii', 'TOP 09', 'ANO 2011', 'Dobrá volba 2016', 'SPR-Republ.str.Čsl. M.Sládka', 'Křesť.demokr.unie-Čs.str.lid.', 'Česká strana národně sociální', 'REALISTÉ', 'SPORTOVCI', 'Dělnic.str.sociální spravedl.', 'Svob.a př.dem.-T.Okamura (SPD)', 'Strana Práv Občanů']",https://volby.cz/pls/ps2017nss/ps311?xjazyk=CZ&xkraj=2&xobec=532134&xvyber=2101
531031,Kamberk,121,82,81,"['Občanská demokratická strana', 'Řád národa - Vlastenecká unie', 'CESTA ODPOVĚDNÉ SPOLEČNOSTI', 'Česká str.sociálně demokrat.', 'Radostné Česko', 'STAROSTOVÉ A NEZÁVISLÍ', 'Komunistická str.Čech a Moravy', 'Strana zelených', 'ROZUMNÍ-stop migraci,diktát.EU', 'Strana svobodných občanů', 'Blok proti islam.-Obran.domova', 'Občanská demokratická aliance', 'Česká pirátská strana', 'Unie H.A.V.E.L.', 'Referendum o Evropské unii', 'TOP 09', 'ANO 2011', 'Dobrá volba 2016', 'SPR-Republ.str.Čsl. M.Sládka', 'Křesť.demokr.unie-Čs.str.lid.', 'Česká strana národně sociální', 'REALISTÉ', 'SPORTOVCI', 'Dělnic.str.sociální spravedl.', 'Svob.a př.dem.-T.Okamura (SPD)', 'Strana Práv Občanů']",https://volby.cz/pls/ps2017nss/ps311?xjazyk=CZ&xkraj=2&xobec=531031&xvyber=2101
529907,Keblov,155,99,99,"['Občanská demokratická strana', 'Řád národa - Vlastenecká unie', 'CESTA ODPOVĚDNÉ SPOLEČNOSTI', 'Česká str.sociálně demokrat.', 'Radostné Česko', 'STAROSTOVÉ A NEZÁVISLÍ', 'Komunistická str.Čech a Moravy', 'Strana zelených', 'ROZUMNÍ-stop migraci,diktát.EU', 'Strana svobodných občanů', 'Blok proti islam.-Obran.domova', 'Občanská demokratická aliance', 'Česká pirátská strana', 'Unie H.A.V.E.L.', 'Referendum o Evropské unii', 'TOP 09', 'ANO 2011', 'Dobrá volba 2016', 'SPR-Republ.str.Čsl. M.Sládka', 'Křesť.demokr.unie-Čs.str.lid.', 'Česká strana národně sociální', 'REALISTÉ', 'SPORTOVCI', 'Dělnic.str.sociální spravedl.', 'Svob.a př.dem.-T.Okamura (SPD)', 'Strana Práv Občanů']",https://volby.cz/pls/ps2017nss/ps311?xjazyk=CZ&xkraj=2&xobec=529907&xvyber=2101
533084,Kladruby,245,183,182,"['Občanská demokratická strana', 'Řád národa - Vlastenecká unie', 'CESTA ODPOVĚDNÉ SPOLEČNOSTI', 'Česká str.sociálně demokrat.', 'Radostné Česko', 'STAROSTOVÉ A NEZÁVISLÍ', 'Komunistická str.Čech a Moravy', 'Strana zelených', 'ROZUMNÍ-stop migraci,diktát.EU', 'Strana svobodných občanů', 'Blok proti islam.-Obran.domova', 'Občanská demokratická aliance', 'Česká pirátská strana', 'Unie H.A.V.E.L.', 'Referendum o Evropské unii', 'TOP 09', 'ANO 2011', 'Dobrá volba 2016', 'SPR-Republ.str.Čsl. M.Sládka', 'Křesť.demokr.unie-Čs.str.lid.', 'Česká strana národně sociální', 'REALISTÉ', 'SPORTOVCI', 'Dělnic.str.sociální spravedl.', 'Svob.a př.dem.-T.Okamura (SPD)', 'Strana Práv Občanů']",https://volby.cz/pls/ps2017nss/ps311?xjazyk=CZ&xkraj=2&xobec=533084&xvyber=2101
529931,Kondrac,383,272,267,"['Občanská demokratická strana', 'Řád národa - Vlastenecká unie', 'CESTA ODPOVĚDNÉ SPOLEČNOSTI', 'Česká str.sociálně demokrat.', 'Radostné Česko', 'STAROSTOVÉ A NEZÁVISLÍ', 'Komunistická str.Čech a Moravy', 'Strana zelených', 'ROZUMNÍ-stop migraci,diktát.EU', 'Strana svobodných občanů', 'Blok proti islam.-Obran.domova', 'Občanská demokratická aliance', 'Česká pirátská strana', 'Unie H.A.V.E.L.', 'Referendum o Evropské unii', 'TOP 09', 'ANO 2011', 'Dobrá volba 2016', 'SPR-Republ.str.Čsl. M.Sládka', 'Křesť.demokr.unie-Čs.str.lid.', 'Česká strana národně sociální', 'REALISTÉ', 'SPORTOVCI', 'Dělnic.str.sociální spravedl.', 'Svob.a př.dem.-T.Okamura (SPD)', 'Strana Práv Občanů']",https://volby.cz/pls/ps2017nss/ps311?xjazyk=CZ&xkraj=2&xobec=529931&xvyber=2101
529940,Kozmice,241,171,170,"['Občanská demokratická strana', 'Řád národa - Vlastenecká unie', 'CESTA ODPOVĚDNÉ SPOLEČNOSTI', 'Česká str.sociálně demokrat.', 'Radostné Česko', 'STAROSTOVÉ A NEZÁVISLÍ', 'Komunistická str.Čech a Moravy', 'Strana zelených', 'ROZUMNÍ-stop migraci,diktát.EU', 'Strana svobodných občanů', 'Blok proti islam.-Obran.domova', 'Občanská demokratická aliance', 'Česká pirátská strana', 'Unie H.A.V.E.L.', 'Referendum o Evropské unii', 'TOP 09', 'ANO 2011', 'Dobrá volba 2016', 'SPR-Republ.str.Čsl. M.Sládka', 'Křesť.demokr.unie-Čs.str.lid.', 'Česká strana národně sociální', 'REALISTÉ', 'SPORTOVCI', 'Dělnic.str.sociální spravedl.', 'Svob.a př.dem.-T.Okamura (SPD)', 'Strana Práv Občanů']",https://volby.cz/pls/ps2017nss/ps311?xjazyk=CZ&xkraj=2&xobec=529940&xvyber=2101
529958,Krhanice,765,505,502,"['Občanská demokratická strana', 'Řád národa - Vlastenecká unie', 'CESTA ODPOVĚDNÉ SPOLEČNOSTI', 'Česká str.sociálně demokrat.', 'Radostné Česko', 'STAROSTOVÉ A NEZÁVISLÍ', 'Komunistická str.Čech a Moravy', 'Strana zelených', 'ROZUMNÍ-stop migraci,diktát.EU', 'Strana svobodných občanů', 'Blok proti islam.-Obran.domova', 'Občanská demokratická aliance', 'Česká pirátská strana', 'Unie H.A.V.E.L.', 'Referendum o Evropské unii', 'TOP 09', 'ANO 2011', 'Dobrá volba 2016', 'SPR-Republ.str.Čsl. M.Sládka', 'Křesť.demokr.unie-Čs.str.lid.', 'Česká strana národně sociální', 'REALISTÉ', 'SPORTOVCI', 'Dělnic.str.sociální spravedl.', 'Svob.a př.dem.-T.Okamura (SPD)', 'Strana Práv Občanů']",https://volby.cz/pls/ps2017nss/ps33?xjazyk=CZ&xkraj=2&xobec=529958
529974,Krňany,361,242,241,"['Občanská demokratická strana', 'Řád národa - Vlastenecká unie', 'CESTA ODPOVĚDNÉ SPOLEČNOSTI', 'Česká str.sociálně demokrat.', 'Radostné Česko', 'STAROSTOVÉ A NEZÁVISLÍ', 'Komunistická str.Čech a Moravy', 'Strana zelených', 'ROZUMNÍ-stop migraci,diktát.EU', 'Strana svobodných občanů', 'Blok proti islam.-Obran.domova', 'Občanská demokratická aliance', 'Česká pirátská strana', 'Unie H.A.V.E.L.', 'Referendum o Evropské unii', 'TOP 09', 'ANO 2011', 'Dobrá volba 2016', 'SPR-Republ.str.Čsl. M.Sládka', 'Křesť.demokr.unie-Čs.str.lid.', 'Česká strana národně sociální', 'REALISTÉ', 'SPORTOVCI', 'Dělnic.str.sociální spravedl.', 'Svob.a př.dem.-T.Okamura (SPD)', 'Strana Práv Občanů']",https://volby.cz/pls/ps2017nss/ps33?xjazyk=CZ&xkraj=2&xobec=529974
529991,Křečovice,632,451,448,"['Občanská demokratická strana', 'Řád národa - Vlastenecká unie', 'CESTA ODPOVĚDNÉ SPOLEČNOSTI', 'Česká str.sociálně demokrat.', 'Radostné Česko', 'STAROSTOVÉ A NEZÁVISLÍ', 'Komunistická str.Čech a Moravy', 'Strana zelených', 'ROZUMNÍ-stop migraci,diktát.EU', 'Strana svobodných občanů', 'Blok proti islam.-Obran.domova', 'Občanská demokratická aliance', 'Česká pirátská strana', 'Unie H.A.V.E.L.', 'Referendum o Evropské unii', 'TOP 09', 'ANO 2011', 'Dobrá volba 2016', 'SPR-Republ.str.Čsl. M.Sládka', 'Křesť.demokr.unie-Čs.str.lid.', 'Česká strana národně sociální', 'REALISTÉ', 'SPORTOVCI', 'Dělnic.str.sociální spravedl.', 'Svob.a př.dem.-T.Okamura (SPD)', 'Strana Práv Občanů']",https://volby.cz/pls/ps2017nss/ps33?xjazyk=CZ&xkraj=2&xobec=529991
530000,Křivsoudov,351,222,222,"['Občanská demokratická strana', 'Řád národa - Vlastenecká unie', 'CESTA ODPOVĚDNÉ SPOLEČNOSTI', 'Česká str.sociálně demokrat.', 'Radostné Česko', 'STAROSTOVÉ A NEZÁVISLÍ', 'Komunistická str.Čech a Moravy', 'Strana zelených', 'ROZUMNÍ-stop migraci,diktát.EU', 'Strana svobodných občanů', 'Blok proti islam.-Obran.domova', 'Občanská demokratická aliance', 'Česká pirátská strana', 'Unie H.A.V.E.L.', 'Referendum o Evropské unii', 'TOP 09', 'ANO 2011', 'Dobrá volba 2016', 'SPR-Republ.str.Čsl. M.Sládka', 'Křesť.demokr.unie-Čs.str.lid.', 'Česká strana národně sociální', 'REALISTÉ', 'SPORTOVCI', 'Dělnic.str.sociální spravedl.', 'Svob.a př.dem.-T.Okamura (SPD)', 'Strana Práv Občanů']",https://volby.cz/pls/ps2017nss/ps311?xjazyk=CZ&xkraj=2&xobec=530000&xvyber=2101
530026,Kuňovice,66,61,61,"['Občanská demokratická strana', 'Řád národa - Vlastenecká unie', 'CESTA ODPOVĚDNÉ SPOLEČNOSTI', 'Česká str.sociálně demokrat.', 'Radostné Česko', 'STAROSTOVÉ A NEZÁVISLÍ', 'Komunistická str.Čech a Moravy', 'Strana zelených', 'ROZUMNÍ-stop migraci,diktát.EU', 'Strana svobodných občanů', 'Blok proti islam.-Obran.domova', 'Občanská demokratická aliance', 'Česká pirátská strana', 'Unie H.A.V.E.L.', 'Referendum o Evropské unii', 'TOP 09', 'ANO 2011', 'Dobrá volba 2016', 'SPR-Republ.str.Čsl. M.Sládka', 'Křesť.demokr.unie-Čs.str.lid.', 'Česká strana národně sociální', 'REALISTÉ', 'SPORTOVCI', 'Dělnic.str.sociální spravedl.', 'Svob.a př.dem.-T.Okamura (SPD)', 'Strana Práv Občanů']",https://volby.cz/pls/ps2017nss/ps311?xjazyk=CZ&xkraj=2&xobec=530026&xvyber=2101
530051,Lešany,567,371,370,"['Občanská demokratická strana', 'Řád národa - Vlastenecká unie', 'CESTA ODPOVĚDNÉ SPOLEČNOSTI', 'Česká str.sociálně demokrat.', 'Radostné Česko', 'STAROSTOVÉ A NEZÁVISLÍ', 'Komunistická str.Čech a Moravy', 'Strana zelených', 'ROZUMNÍ-stop migraci,diktát.EU', 'Strana svobodných občanů', 'Blok proti islam.-Obran.domova', 'Občanská demokratická aliance', 'Česká pirátská strana', 'Unie H.A.V.E.L.', 'Referendum o Evropské unii', 'TOP 09', 'ANO 2011', 'Dobrá volba 2016', 'SPR-Republ.str.Čsl. M.Sládka', 'Křesť.demokr.unie-Čs.str.lid.', 'Česká strana národně sociální', 'REALISTÉ', 'SPORTOVCI', 'Dělnic.str.sociální spravedl.', 'Svob.a př.dem.-T.Okamura (SPD)', 'Strana Práv Občanů']",https://volby.cz/pls/ps2017nss/ps311?xjazyk=CZ&xkraj=2&xobec=530051&xvyber=2101
530069,Libež,156,107,107,"['Občanská demokratická strana', 'Řád národa - Vlastenecká unie', 'CESTA ODPOVĚDNÉ SPOLEČNOSTI', 'Česká str.sociálně demokrat.', 'Radostné Česko', 'STAROSTOVÉ A NEZÁVISLÍ', 'Komunistická str.Čech a Moravy', 'Strana zelených', 'ROZUMNÍ-stop migraci,diktát.EU', 'Strana svobodných občanů', 'Blok proti islam.-Obran.domova', 'Občanská demokratická aliance', 'Česká pirátská strana', 'Unie H.A.V.E.L.', 'Referendum o Evropské unii', 'TOP 09', 'ANO 2011', 'Dobrá volba 2016', 'SPR-Republ.str.Čsl. M.Sládka', 'Křesť.demokr.unie-Čs.str.lid.', 'Česká strana národně sociální', 'REALISTÉ', 'SPORTOVCI', 'Dělnic.str.sociální spravedl.', 'Svob.a př.dem.-T.Okamura (SPD)', 'Strana Práv Občanů']",https://volby.cz/pls/ps2017nss/ps311?xjazyk=CZ&xkraj=2&xobec=530069&xvyber=2101
532258,Litichovice,54,39,39,"['Občanská demokratická strana', 'Řád národa - Vlastenecká unie', 'CESTA ODPOVĚDNÉ SPOLEČNOSTI', 'Česká str.sociálně demokrat.', 'Radostné Česko', 'STAROSTOVÉ A NEZÁVISLÍ', 'Komunistická str.Čech a Moravy', 'Strana zelených', 'ROZUMNÍ-stop migraci,diktát.EU', 'Strana svobodných občanů', 'Blok proti islam.-Obran.domova', 'Občanská demokratická aliance', 'Česká pirátská strana', 'Unie H.A.V.E.L.', 'Referendum o Evropské unii', 'TOP 09', 'ANO 2011', 'Dobrá volba 2016', 'SPR-Republ.str.Čsl. M.Sládka', 'Křesť.demokr.unie-Čs.str.lid.', 'Česká strana národně sociální', 'REALISTÉ', 'SPORTOVCI', 'Dělnic.str.sociální spravedl.', 'Svob.a př.dem.-T.Okamura (SPD)', 'Strana Práv Občanů']",https://volby.cz/pls/ps2017nss/ps311?xjazyk=CZ&xkraj=2&xobec=532258&xvyber=2101
530093,Loket,456,351,350,"['Občanská demokratická strana', 'Řád národa - Vlastenecká unie', 'CESTA ODPOVĚDNÉ SPOLEČNOSTI', 'Česká str.sociálně demokrat.', 'Radostné Česko', 'STAROSTOVÉ A NEZÁVISLÍ', 'Komunistická str.Čech a Moravy', 'Strana zelených', 'ROZUMNÍ-stop migraci,diktát.EU', 'Strana svobodných občanů', 'Blok proti islam.-Obran.domova', 'Občanská demokratická aliance', 'Česká pirátská strana', 'Unie H.A.V.E.L.', 'Referendum o Evropské unii', 'TOP 09', 'ANO 2011', 'Dobrá volba 2016', 'SPR-Republ.str.Čsl. M.Sládka', 'Křesť.demokr.unie-Čs.str.lid.', 'Česká strana národně sociální', 'REALISTÉ', 'SPORTOVCI', 'Dělnic.str.sociální spravedl.', 'Svob.a př.dem.-T.Okamura (SPD)', 'Strana Práv Občanů']",https://volby.cz/pls/ps2017nss/ps33?xjazyk=CZ&xkraj=2&xobec=530093
530107,Louňovice pod Blaníkem,563,369,365,"['Občanská demokratická strana', 'Řád národa - Vlastenecká unie', 'CESTA ODPOVĚDNÉ SPOLEČNOSTI', 'Česká str.sociálně demokrat.', 'Radostné Česko', 'STAROSTOVÉ A NEZÁVISLÍ', 'Komunistická str.Čech a Moravy', 'Strana zelených', 'ROZUMNÍ-stop migraci,diktát.EU', 'Strana svobodných občanů', 'Blok proti islam.-Obran.domova', 'Občanská demokratická aliance', 'Česká pirátská strana', 'Unie H.A.V.E.L.', 'Referendum o Evropské unii', 'TOP 09', 'ANO 2011', 'Dobrá volba 2016', 'SPR-Republ.str.Čsl. M.Sládka', 'Křesť.demokr.unie-Čs.str.lid.', 'Česká strana národně sociální', 'REALISTÉ', 'SPORTOVCI', 'Dělnic.str.sociální spravedl.', 'Svob.a př.dem.-T.Okamura (SPD)', 'Strana Práv Občanů']",https://volby.cz/pls/ps2017nss/ps311?xjazyk=CZ&xkraj=2&xobec=530107&xvyber=2101
532193,Lštění,331,225,226,"['Občanská demokratická strana', 'Řád národa - Vlastenecká unie', 'CESTA ODPOVĚDNÉ SPOLEČNOSTI', 'Česká str.sociálně demokrat.', 'Radostné Česko', 'STAROSTOVÉ A NEZÁVISLÍ', 'Komunistická str.Čech a Moravy', 'Strana zelených', 'ROZUMNÍ-stop migraci,diktát.EU', 'Strana svobodných občanů', 'Blok proti islam.-Obran.domova', 'Občanská demokratická aliance', 'Česká pirátská strana', 'Unie H.A.V.E.L.', 'Referendum o Evropské unii', 'TOP 09', 'ANO 2011', 'Dobrá volba 2016', 'SPR-Republ.str.Čsl. M.Sládka', 'Křesť.demokr.unie-Čs.str.lid.', 'Česká strana národně sociální', 'REALISTÉ', 'SPORTOVCI', 'Dělnic.str.sociální spravedl.', 'Svob.a př.dem.-T.Okamura (SPD)', 'Strana Práv Občanů']",https://volby.cz/pls/ps2017nss/ps33?xjazyk=CZ&xkraj=2&xobec=532193
530115,Maršovice,602,421,419,"['Občanská demokratická strana', 'Řád národa - Vlastenecká unie', 'CESTA ODPOVĚDNÉ SPOLEČNOSTI', 'Česká str.sociálně demokrat.', 'Radostné Česko', 'STAROSTOVÉ A NEZÁVISLÍ', 'Komunistická str.Čech a Moravy', 'Strana zelených', 'ROZUMNÍ-stop migraci,diktát.EU', 'Strana svobodných občanů', 'Blok proti islam.-Obran.domova', 'Občanská demokratická aliance', 'Česká pirátská strana', 'Unie H.A.V.E.L.', 'Referendum o Evropské unii', 'TOP 09', 'ANO 2011', 'Dobrá volba 2016', 'SPR-Republ.str.Čsl. M.Sládka', 'Křesť.demokr.unie-Čs.str.lid.', 'Česká strana národně sociální', 'REALISTÉ', 'SPORTOVCI', 'Dělnic.str.sociální spravedl.', 'Svob.a př.dem.-T.Okamura (SPD)', 'Strana Práv Občanů']",https://volby.cz/pls/ps2017nss/ps33?xjazyk=CZ&xkraj=2&xobec=530115
530158,Mezno,297,203,201,"['Občanská demokratická strana', 'Řád národa - Vlastenecká unie', 'CESTA ODPOVĚDNÉ SPOLEČNOSTI', 'Česká str.sociálně demokrat.', 'Radostné Česko', 'STAROSTOVÉ A NEZÁVISLÍ', 'Komunistická str.Čech a Moravy', 'Strana zelených', 'ROZUMNÍ-stop migraci,diktát.EU', 'Strana svobodných občanů', 'Blok proti islam.-Obran.domova', 'Občanská demokratická aliance', 'Česká pirátská strana', 'Unie H.A.V.E.L.', 'Referendum o Evropské unii', 'TOP 09', 'ANO 2011', 'Dobrá volba 2016', 'SPR-Republ.str.Čsl. M.Sládka', 'Křesť.demokr.unie-Čs.str.lid.', 'Česká strana národně sociální', 'REALISTÉ', 'SPORTOVCI', 'Dělnic.str.sociální spravedl.', 'Svob.a př.dem.-T.Okamura (SPD)', 'Strana Práv Občanů']",https://volby.cz/pls/ps2017nss/ps311?xjazyk=CZ&xkraj=2&xobec=530158&xvyber=2101
530166,Miličín,728,449,449,"['Občanská demokratická strana', 'Řád národa - Vlastenecká unie', 'CESTA ODPOVĚDNÉ SPOLEČNOSTI', 'Česká str.sociálně demokrat.', 'Radostné Česko', 'STAROSTOVÉ A NEZÁVISLÍ', 'Komunistická str.Čech a Moravy', 'Strana zelených', 'ROZUMNÍ-stop migraci,diktát.EU', 'Strana svobodných občanů', 'Blok proti islam.-Obran.domova', 'Občanská demokratická aliance', 'Česká pirátská strana', 'Unie H.A.V.E.L.', 'Referendum o Evropské unii', 'TOP 09', 'ANO 2011', 'Dobrá volba 2016', 'SPR-Republ.str.Čsl. M.Sládka', 'Křesť.demokr.unie-Čs.str.lid.', 'Česká strana národně sociální', 'REALISTÉ', 'SPORTOVCI', 'Dělnic.str.sociální spravedl.', 'Svob.a př.dem.-T.Okamura (SPD)', 'Strana Práv Občanů']",https://volby.cz/pls/ps2017nss/ps33?xjazyk=CZ&xkraj=2&xobec=530166
530174,Miřetice,149,102,100,"['Občanská demokratická strana', 'Řád národa - Vlastenecká unie', 'CESTA ODPOVĚDNÉ SPOLEČNOSTI', 'Česká str.sociálně demokrat.', 'Radostné Česko', 'STAROSTOVÉ A NEZÁVISLÍ', 'Komunistická str.Čech a Moravy', 'Strana zelených', 'ROZUMNÍ-stop migraci,diktát.EU', 'Strana svobodných občanů', 'Blok proti islam.-Obran.domova', 'Občanská demokratická aliance', 'Česká pirátská strana', 'Unie H.A.V.E.L.', 'Referendum o Evropské unii', 'TOP 09', 'ANO 2011', 'Dobrá volba 2016', 'SPR-Republ.str.Čsl. M.Sládka', 'Křesť.demokr.unie-Čs.str.lid.', 'Česká strana národně sociální', 'REALISTÉ', 'SPORTOVCI', 'Dělnic.str.sociální spravedl.', 'Svob.a př.dem.-T.Okamura (SPD)', 'Strana Práv Občanů']",https://volby.cz/pls/ps2017nss/ps311?xjazyk=CZ&xkraj=2&xobec=530174&xvyber=2101
530191,Mnichovice,184,114,114,"['Občanská demokratická strana', 'Řád národa - Vlastenecká unie', 'CESTA ODPOVĚDNÉ SPOLEČNOSTI', 'Česká str.sociálně demokrat.', 'Radostné Česko', 'STAROSTOVÉ A NEZÁVISLÍ', 'Komunistická str.Čech a Moravy', 'Strana zelených', 'ROZUMNÍ-stop migraci,diktát.EU', 'Strana svobodných občanů', 'Blok proti islam.-Obran.domova', 'Občanská demokratická aliance', 'Česká pirátská strana', 'Unie H.A.V.E.L.', 'Referendum o Evropské unii', 'TOP 09', 'ANO 2011', 'Dobrá volba 2016', 'SPR-Republ.str.Čsl. M.Sládka', 'Křesť.demokr.unie-Čs.str.lid.', 'Česká strana národně sociální', 'REALISTÉ', 'SPORTOVCI', 'Dělnic.str.sociální spravedl.', 'Svob.a př.dem.-T.Okamura (SPD)', 'Strana Práv Občanů']",https://volby.cz/pls/ps2017nss/ps311?xjazyk=CZ&xkraj=2&xobec=530191&xvyber=2101
530204,Mrač,637,431,429,"['Občanská demokratická strana', 'Řád národa - Vlastenecká unie', 'CESTA ODPOVĚDNÉ SPOLEČNOSTI', 'Česká str.sociálně demokrat.', 'Radostné Česko', 'STAROSTOVÉ A NEZÁVISLÍ', 'Komunistická str.Čech a Moravy', 'Strana zelených', 'ROZUMNÍ-stop migraci,diktát.EU', 'Strana svobodných občanů', 'Blok proti islam.-Obran.domova', 'Občanská demokratická aliance', 'Česká pirátská strana', 'Unie H.A.V.E.L.', 'Referendum o Evropské unii', 'TOP 09', 'ANO 2011', 'Dobrá volba 2016', 'SPR-Republ.str.Čsl. M.Sládka', 'Křesť.demokr.unie-Čs.str.lid.', 'Česká strana národně sociální', 'REALISTÉ', 'SPORTOVCI', 'Dělnic.str.sociální spravedl.', 'Svob.a př.dem.-T.Okamura (SPD)', 'Strana Práv Občanů']",https://volby.cz/pls/ps2017nss/ps311?xjazyk=CZ&xkraj=2&xobec=530204&xvyber=2101
530212,Načeradec,881,512,509,"['Občanská demokratická strana', 'Řád národa - Vlastenecká unie', 'CESTA ODPOVĚDNÉ SPOLEČNOSTI', 'Česká str.sociálně demokrat.', 'Radostné Česko', 'STAROSTOVÉ A NEZÁVISLÍ', 'Komunistická str.Čech a Moravy', 'Strana zelených', 'ROZUMNÍ-stop migraci,diktát.EU', 'Strana svobodných občanů', 'Blok proti islam.-Obran.domova', 'Občanská demokratická aliance', 'Česká pirátská strana', 'Unie H.A.V.E.L.', 'Referendum o Evropské unii', 'TOP 09', 'ANO 2011', 'Dobrá volba 2016', 'SPR-Republ.str.Čsl. M.Sládka', 'Křesť.demokr.unie-Čs.str.lid.', 'Česká strana národně sociální', 'REALISTÉ', 'SPORTOVCI', 'Dělnic.str.sociální spravedl.', 'Svob.a př.dem.-T.Okamura (SPD)', 'Strana Práv Občanů']",https://volby.cz/pls/ps2017nss/ps311?xjazyk=CZ&xkraj=2&xobec=530212&xvyber=2101
530263,Nespeky,545,390,388,"['Občanská demokratická strana', 'Řád národa - Vlastenecká unie', 'CESTA ODPOVĚDNÉ SPOLEČNOSTI', 'Česká str.sociálně demokrat.', 'Radostné Česko', 'STAROSTOVÉ A NEZÁVISLÍ', 'Komunistická str.Čech a Moravy', 'Strana zelených', 'ROZUMNÍ-stop migraci,diktát.EU', 'Strana svobodných občanů', 'Blok proti islam.-Obran.domova', 'Občanská demokratická aliance', 'Česká pirátská strana', 'Unie H.A.V.E.L.', 'Referendum o Evropské unii', 'TOP 09', 'ANO 2011', 'Dobrá volba 2016', 'SPR-Republ.str.Čsl. M.Sládka', 'Křesť.demokr.unie-Čs.str.lid.', 'Česká strana národně sociální', 'REALISTÉ', 'SPORTOVCI', 'Dělnic.str.sociální spravedl.', 'Svob.a př.dem.-T.Okamura (SPD)', 'Strana Práv Občanů']",https://volby.cz/pls/ps2017nss/ps33?xjazyk=CZ&xkraj=2&xobec=530263
530298,Netvořice,899,575,573,"['Občanská demokratická strana', 'Řád národa - Vlastenecká unie', 'CESTA ODPOVĚDNÉ SPOLEČNOSTI', 'Česká str.sociálně demokrat.', 'Radostné Česko', 'STAROSTOVÉ A NEZÁVISLÍ', 'Komunistická str.Čech a Moravy', 'Strana zelených', 'ROZUMNÍ-stop migraci,diktát.EU', 'Strana svobodných občanů', 'Blok proti islam.-Obran.domova', 'Občanská demokratická aliance', 'Česká pirátská strana', 'Unie H.A.V.E.L.', 'Referendum o Evropské unii', 'TOP 09', 'ANO 2011', 'Dobrá volba 2016', 'SPR-Republ.str.Čsl. M.Sládka', 'Křesť.demokr.unie-Čs.str.lid.', 'Česká strana národně sociální', 'REALISTÉ', 'SPORTOVCI', 'Dělnic.str.sociální spravedl.', 'Svob.a př.dem.-T.Okamura (SPD)', 'Strana Práv Občanů']",https://volby.cz/pls/ps2017nss/ps311?xjazyk=CZ&xkraj=2&xobec=530298&xvyber=2101
530301,Neustupov,423,264,263,"['Občanská demokratická strana', 'Řád národa - Vlastenecká unie', 'CESTA ODPOVĚDNÉ SPOLEČNOSTI', 'Česká str.sociálně demokrat.', 'Radostné Česko', 'STAROSTOVÉ A NEZÁVISLÍ', 'Komunistická str.Čech a Moravy', 'Strana zelených', 'ROZUMNÍ-stop migraci,diktát.EU', 'Strana svobodných občanů', 'Blok proti islam.-Obran.domova', 'Občanská demokratická aliance', 'Česká pirátská strana', 'Unie H.A.V.E.L.', 'Referendum o Evropské unii', 'TOP 09', 'ANO 2011', 'Dobrá volba 2016', 'SPR-Republ.str.Čsl. M.Sládka', 'Křesť.demokr.unie-Čs.str.lid.', 'Česká strana národně sociální', 'REALISTÉ', 'SPORTOVCI', 'Dělnic.str.sociální spravedl.', 'Svob.a př.dem.-T.Okamura (SPD)', 'Strana Práv Občanů']",https://volby.cz/pls/ps2017nss/ps311?xjazyk=CZ&xkraj=2&xobec=530301&xvyber=2101
530310,Neveklov,2080,1238,1218,"['Občanská demokratická strana', 'Řád národa - Vlastenecká unie', 'CESTA ODPOVĚDNÉ SPOLEČNOSTI', 'Česká str.sociálně demokrat.', 'Radostné Česko', 'STAROSTOVÉ A NEZÁVISLÍ', 'Komunistická str.Čech a Moravy', 'Strana zelených', 'ROZUMNÍ-stop migraci,diktát.EU', 'Strana svobodných občanů', 'Blok proti islam.-Obran.domova', 'Občanská demokratická aliance', 'Česká pirátská strana', 'Unie H.A.V.E.L.', 'Referendum o Evropské unii', 'TOP 09', 'ANO 2011', 'Dobrá volba 2016', 'SPR-Republ.str.Čsl. M.Sládka', 'Křesť.demokr.unie-Čs.str.lid.', 'Česká strana národně sociální', 'REALISTÉ', 'SPORTOVCI', 'Dělnic.str.sociální spravedl.', 'Svob.a př.dem.-T.Okamura (SPD)', 'Strana Práv Občanů']",https://volby.cz/pls/ps2017nss/ps33?xjazyk=CZ&xkraj=2&xobec=530310
530344,Olbramovice,991,664,660,"['Občanská demokratická strana', 'Řád národa - Vlastenecká unie', 'CESTA ODPOVĚDNÉ SPOLEČNOSTI', 'Česká str.sociálně demokrat.', 'Radostné Česko', 'STAROSTOVÉ A NEZÁVISLÍ', 'Komunistická str.Čech a Moravy', 'Strana zelených', 'ROZUMNÍ-stop migraci,diktát.EU', 'Strana svobodných občanů', 'Blok proti islam.-Obran.domova', 'Občanská demokratická aliance', 'Česká pirátská strana', 'Unie H.A.V.E.L.', 'Referendum o Evropské unii', 'TOP 09', 'ANO 2011', 'Dobrá volba 2016', 'SPR-Republ.str.Čsl. M.Sládka', 'Křesť.demokr.unie-Čs.str.lid.', 'Česká strana národně sociální', 'REALISTÉ', 'SPORTOVCI', 'Dělnic.str.sociální spravedl.', 'Svob.a př.dem.-T.Okamura (SPD)', 'Strana Práv Občanů']",https://volby.cz/pls/ps2017nss/ps33?xjazyk=CZ&xkraj=2&xobec=530344
599395,Ostrov,52,32,30,"['Občanská demokratická strana', 'Řád národa - Vlastenecká unie', 'CESTA ODPOVĚDNÉ SPOLEČNOSTI', 'Česká str.sociálně demokrat.', 'Radostné Česko', 'STAROSTOVÉ A NEZÁVISLÍ', 'Komunistická str.Čech a Moravy', 'Strana zelených', 'ROZUMNÍ-stop migraci,diktát.EU', 'Strana svobodných občanů', 'Blok proti islam.-Obran.domova', 'Občanská demokratická aliance', 'Česká pirátská strana', 'Unie H.A.V.E.L.', 'Referendum o Evropské unii', 'TOP 09', 'ANO 2011', 'Dobrá volba 2016', 'SPR-Republ.str.Čsl. M.Sládka', 'Křesť.demokr.unie-Čs.str.lid.', 'Česká strana národně sociální', 'REALISTÉ', 'SPORTOVCI', 'Dělnic.str.sociální spravedl.', 'Svob.a př.dem.-T.Okamura (SPD)', 'Strana Práv Občanů']",https://volby.cz/pls/ps2017nss/ps311?xjazyk=CZ&xkraj=2&xobec=599395&xvyber=2101
530352,Ostředek,292,206,205,"['Občanská demokratická strana', 'Řád národa - Vlastenecká unie', 'CESTA ODPOVĚDNÉ SPOLEČNOSTI', 'Česká str.sociálně demokrat.', 'Radostné Česko', 'STAROSTOVÉ A NEZÁVISLÍ', 'Komunistická str.Čech a Moravy', 'Strana zelených', 'ROZUMNÍ-stop migraci,diktát.EU', 'Strana svobodných občanů', 'Blok proti islam.-Obran.domova', 'Občanská demokratická aliance', 'Česká pirátská strana', 'Unie H.A.V.E.L.', 'Referendum o Evropské unii', 'TOP 09', 'ANO 2011', 'Dobrá volba 2016', 'SPR-Republ.str.Čsl. M.Sládka', 'Křesť.demokr.unie-Čs.str.lid.', 'Česká strana národně sociální', 'REALISTÉ', 'SPORTOVCI', 'Dělnic.str.sociální spravedl.', 'Svob.a př.dem.-T.Okamura (SPD)', 'Strana Práv Občanů']",https://volby.cz/pls/ps2017nss/ps33?xjazyk=CZ&xkraj=2&xobec=530352
533076,Pavlovice,168,121,119,"['Občanská demokratická strana', 'Řád národa - Vlastenecká unie', 'CESTA ODPOVĚDNÉ SPOLEČNOSTI', 'Česká str.sociálně demokrat.', 'Radostné Česko', 'STAROSTOVÉ A NEZÁVISLÍ', 'Komunistická str.Čech a Moravy', 'Strana zelených', 'ROZUMNÍ-stop migraci,diktát.EU', 'Strana svobodných občanů', 'Blok proti islam.-Obran.domova', 'Občanská demokratická aliance', 'Česká pirátská strana', 'Unie H.A.V.E.L.', 'Referendum o Evropské unii', 'TOP 09', 'ANO 2011', 'Dobrá volba 2016', 'SPR-Republ.str.Čsl. M.Sládka', 'Křesť.demokr.unie-Čs.str.lid.', 'Česká strana národně sociální', 'REALISTÉ', 'SPORTOVCI', 'Dělnic.str.sociální spravedl.', 'Svob.a př.dem.-T.Okamura (SPD)', 'Strana Práv Občanů']",https://volby.cz/pls/ps2017nss/ps311?xjazyk=CZ&xkraj=2&xobec=533076&xvyber=2101
530409,Petroupim,243,161,161,"['Občanská demokratická strana', 'Řád národa - Vlastenecká unie', 'CESTA ODPOVĚDNÉ SPOLEČNOSTI', 'Česká str.sociálně demokrat.', 'Radostné Česko', 'STAROSTOVÉ A NEZÁVISLÍ', 'Komunistická str.Čech a Moravy', 'Strana zelených', 'ROZUMNÍ-stop migraci,diktát.EU', 'Strana svobodných občanů', 'Blok proti islam.-Obran.domova', 'Občanská demokratická aliance', 'Česká pirátská strana', 'Unie H.A.V.E.L.', 'Referendum o Evropské unii', 'TOP 09', 'ANO 2011', 'Dobrá volba 2016', 'SPR-Republ.str.Čsl. M.Sládka', 'Křesť.demokr.unie-Čs.str.lid.', 'Česká strana národně sociální', 'REALISTÉ', 'SPORTOVCI', 'Dělnic.str.sociální spravedl.', 'Svob.a př.dem.-T.Okamura (SPD)', 'Strana Práv Občanů']",https://volby.cz/pls/ps2017nss/ps311?xjazyk=CZ&xkraj=2&xobec=530409&xvyber=2101
532649,Popovice,233,157,155,"['Občanská demokratická strana', 'Řád národa - Vlastenecká unie', 'CESTA ODPOVĚDNÉ SPOLEČNOSTI', 'Česká str.sociálně demokrat.', 'Radostné Česko', 'STAROSTOVÉ A NEZÁVISLÍ', 'Komunistická str.Čech a Moravy', 'Strana zelených', 'ROZUMNÍ-stop migraci,diktát.EU', 'Strana svobodných občanů', 'Blok proti islam.-Obran.domova', 'Občanská demokratická aliance', 'Česká pirátská strana', 'Unie H.A.V.E.L.', 'Referendum o Evropské unii', 'TOP 09', 'ANO 2011', 'Dobrá volba 2016', 'SPR-Republ.str.Čsl. M.Sládka', 'Křesť.demokr.unie-Čs.str.lid.', 'Česká strana národně sociální', 'REALISTÉ', 'SPORTOVCI', 'Dělnic.str.sociální spravedl.', 'Svob.a př.dem.-T.Okamura (SPD)', 'Strana Práv Občanů']",https://volby.cz/pls/ps2017nss/ps311?xjazyk=CZ&xkraj=2&xobec=532649&xvyber=2101
530441,Poříčí nad Sázavou,987,671,669,"['Občanská demokratická strana', 'Řád národa - Vlastenecká unie', 'CESTA ODPOVĚDNÉ SPOLEČNOSTI', 'Česká str.sociálně demokrat.', 'Radostné Česko', 'STAROSTOVÉ A NEZÁVISLÍ', 'Komunistická str.Čech a Moravy', 'Strana zelených', 'ROZUMNÍ-stop migraci,diktát.EU', 'Strana svobodných občanů', 'Blok proti islam.-Obran.domova', 'Občanská demokratická aliance', 'Česká pirátská strana', 'Unie H.A.V.E.L.', 'Referendum o Evropské unii', 'TOP 09', 'ANO 2011', 'Dobrá volba 2016', 'SPR-Republ.str.Čsl. M.Sládka', 'Křesť.demokr.unie-Čs.str.lid.', 'Česká strana národně sociální', 'REALISTÉ', 'SPORTOVCI', 'Dělnic.str.sociální spravedl.', 'Svob.a př.dem.-T.Okamura (SPD)', 'Strana Práv Občanů']",https://volby.cz/pls/ps2017nss/ps311?xjazyk=CZ&xkraj=2&xobec=530441&xvyber=2101
530450,Postupice,1 030,662,653,"['Občanská demokratická strana', 'Řád národa - Vlastenecká unie', 'CESTA ODPOVĚDNÉ SPOLEČNOSTI', 'Česká str.sociálně demokrat.', 'Radostné Česko', 'STAROSTOVÉ A NEZÁVISLÍ', 'Komunistická str.Čech a Moravy', 'Strana zelených', 'ROZUMNÍ-stop migraci,diktát.EU', 'Strana svobodných občanů', 'Blok proti islam.-Obran.domova', 'Občanská demokratická aliance', 'Česká pirátská strana', 'Unie H.A.V.E.L.', 'Referendum o Evropské unii', 'TOP 09', 'ANO 2011', 'Dobrá volba 2016', 'SPR-Republ.str.Čsl. M.Sládka', 'Křesť.demokr.unie-Čs.str.lid.', 'Česká strana národně sociální', 'REALISTÉ', 'SPORTOVCI', 'Dělnic.str.sociální spravedl.', 'Svob.a př.dem.-T.Okamura (SPD)', 'Strana Práv Občanů']",https://volby.cz/pls/ps2017nss/ps311?xjazyk=CZ&xkraj=2&xobec=530450&xvyber=2101
530476,Pravonín,447,290,289,"['Občanská demokratická strana', 'Řád národa - Vlastenecká unie', 'CESTA ODPOVĚDNÉ SPOLEČNOSTI', 'Česká str.sociálně demokrat.', 'Radostné Česko', 'STAROSTOVÉ A NEZÁVISLÍ', 'Komunistická str.Čech a Moravy', 'Strana zelených', 'ROZUMNÍ-stop migraci,diktát.EU', 'Strana svobodných občanů', 'Blok proti islam.-Obran.domova', 'Občanská demokratická aliance', 'Česká pirátská strana', 'Unie H.A.V.E.L.', 'Referendum o Evropské unii', 'TOP 09', 'ANO 2011', 'Dobrá volba 2016', 'SPR-Republ.str.Čsl. M.Sládka', 'Křesť.demokr.unie-Čs.str.lid.', 'Česká strana národně sociální', 'REALISTÉ', 'SPORTOVCI', 'Dělnic.str.sociální spravedl.', 'Svob.a př.dem.-T.Okamura (SPD)', 'Strana Práv Občanů']",https://volby.cz/pls/ps2017nss/ps311?xjazyk=CZ&xkraj=2&xobec=530476&xvyber=2101
530492,Přestavlky u Čerčan,296,222,221,"['Občanská demokratická strana', 'Řád národa - Vlastenecká unie', 'CESTA ODPOVĚDNÉ SPOLEČNOSTI', 'Česká str.sociálně demokrat.', 'Radostné Česko', 'STAROSTOVÉ A NEZÁVISLÍ', 'Komunistická str.Čech a Moravy', 'Strana zelených', 'ROZUMNÍ-stop migraci,diktát.EU', 'Strana svobodných občanů', 'Blok proti islam.-Obran.domova', 'Občanská demokratická aliance', 'Česká pirátská strana', 'Unie H.A.V.E.L.', 'Referendum o Evropské unii', 'TOP 09', 'ANO 2011', 'Dobrá volba 2016', 'SPR-Republ.str.Čsl. M.Sládka', 'Křesť.demokr.unie-Čs.str.lid.', 'Česká strana národně sociální', 'REALISTÉ', 'SPORTOVCI', 'Dělnic.str.sociální spravedl.', 'Svob.a př.dem.-T.Okamura (SPD)', 'Strana Práv Občanů']",https://volby.cz/pls/ps2017nss/ps311?xjazyk=CZ&xkraj=2&xobec=530492&xvyber=2101
530514,Psáře,113,69,69,"['Občanská demokratická strana', 'Řád národa - Vlastenecká unie', 'CESTA ODPOVĚDNÉ SPOLEČNOSTI', 'Česká str.sociálně demokrat.', 'Radostné Česko', 'STAROSTOVÉ A NEZÁVISLÍ', 'Komunistická str.Čech a Moravy', 'Strana zelených', 'ROZUMNÍ-stop migraci,diktát.EU', 'Strana svobodných občanů', 'Blok proti islam.-Obran.domova', 'Občanská demokratická aliance', 'Česká pirátská strana', 'Unie H.A.V.E.L.', 'Referendum o Evropské unii', 'TOP 09', 'ANO 2011', 'Dobrá volba 2016', 'SPR-Republ.str.Čsl. M.Sládka', 'Křesť.demokr.unie-Čs.str.lid.', 'Česká strana národně sociální', 'REALISTÉ', 'SPORTOVCI', 'Dělnic.str.sociální spravedl.', 'Svob.a př.dem.-T.Okamura (SPD)', 'Strana Práv Občanů']",https://volby.cz/pls/ps2017nss/ps311?xjazyk=CZ&xkraj=2&xobec=530514&xvyber=2101
538680,Pyšely,1399,1014,1008,"['Občanská demokratická strana', 'Řád národa - Vlastenecká unie', 'CESTA ODPOVĚDNÉ SPOLEČNOSTI', 'Česká str.sociálně demokrat.', 'Radostné Česko', 'STAROSTOVÉ A NEZÁVISLÍ', 'Komunistická str.Čech a Moravy', 'Strana zelených', 'ROZUMNÍ-stop migraci,diktát.EU', 'Strana svobodných občanů', 'Blok proti islam.-Obran.domova', 'Občanská demokratická aliance', 'Česká pirátská strana', 'Unie H.A.V.E.L.', 'Referendum o Evropské unii', 'TOP 09', 'ANO 2011', 'Dobrá volba 2016', 'SPR-Republ.str.Čsl. M.Sládka', 'Křesť.demokr.unie-Čs.str.lid.', 'Česká strana národně sociální', 'REALISTÉ', 'SPORTOVCI', 'Dělnic.str.sociální spravedl.', 'Svob.a př.dem.-T.Okamura (SPD)', 'Strana Práv Občanů']",https://volby.cz/pls/ps2017nss/ps33?xjazyk=CZ&xkraj=2&xobec=538680
530522,Rabyně,235,168,168,"['Občanská demokratická strana', 'Řád národa - Vlastenecká unie', 'CESTA ODPOVĚDNÉ SPOLEČNOSTI', 'Česká str.sociálně demokrat.', 'Radostné Česko', 'STAROSTOVÉ A NEZÁVISLÍ', 'Komunistická str.Čech a Moravy', 'Strana zelených', 'ROZUMNÍ-stop migraci,diktát.EU', 'Strana svobodných občanů', 'Blok proti islam.-Obran.domova', 'Občanská demokratická aliance', 'Česká pirátská strana', 'Unie H.A.V.E.L.', 'Referendum o Evropské unii', 'TOP 09', 'ANO 2011', 'Dobrá volba 2016', 'SPR-Republ.str.Čsl. M.Sládka', 'Křesť.demokr.unie-Čs.str.lid.', 'Česká strana národně sociální', 'REALISTÉ', 'SPORTOVCI', 'Dělnic.str.sociální spravedl.', 'Svob.a př.dem.-T.Okamura (SPD)', 'Strana Práv Občanů']",https://volby.cz/pls/ps2017nss/ps311?xjazyk=CZ&xkraj=2&xobec=530522&xvyber=2101
530531,Radošovice,296,184,183,"['Občanská demokratická strana', 'Řád národa - Vlastenecká unie', 'CESTA ODPOVĚDNÉ SPOLEČNOSTI', 'Česká str.sociálně demokrat.', 'Radostné Česko', 'STAROSTOVÉ A NEZÁVISLÍ', 'Komunistická str.Čech a Moravy', 'Strana zelených', 'ROZUMNÍ-stop migraci,diktát.EU', 'Strana svobodných občanů', 'Blok proti islam.-Obran.domova', 'Občanská demokratická aliance', 'Česká pirátská strana', 'Unie H.A.V.E.L.', 'Referendum o Evropské unii', 'TOP 09', 'ANO 2011', 'Dobrá volba 2016', 'SPR-Republ.str.Čsl. M.Sládka', 'Křesť.demokr.unie-Čs.str.lid.', 'Česká strana národně sociální', 'REALISTÉ', 'SPORTOVCI', 'Dělnic.str.sociální spravedl.', 'Svob.a př.dem.-T.Okamura (SPD)', 'Strana Práv Občanů']",https://volby.cz/pls/ps2017nss/ps311?xjazyk=CZ&xkraj=2&xobec=530531&xvyber=2101
530549,Rataje,140,104,104,"['Občanská demokratická strana', 'Řád národa - Vlastenecká unie', 'CESTA ODPOVĚDNÉ SPOLEČNOSTI', 'Česká str.sociálně demokrat.', 'Radostné Česko', 'STAROSTOVÉ A NEZÁVISLÍ', 'Komunistická str.Čech a Moravy', 'Strana zelených', 'ROZUMNÍ-stop migraci,diktát.EU', 'Strana svobodných občanů', 'Blok proti islam.-Obran.domova', 'Občanská demokratická aliance', 'Česká pirátská strana', 'Unie H.A.V.E.L.', 'Referendum o Evropské unii', 'TOP 09', 'ANO 2011', 'Dobrá volba 2016', 'SPR-Republ.str.Čsl. M.Sládka', 'Křesť.demokr.unie-Čs.str.lid.', 'Česká strana národně sociální', 'REALISTÉ', 'SPORTOVCI', 'Dělnic.str.sociální spravedl.', 'Svob.a př.dem.-T.Okamura (SPD)', 'Strana Práv Občanů']",https://volby.cz/pls/ps2017nss/ps311?xjazyk=CZ&xkraj=2&xobec=530549&xvyber=2101
532550,Ratměřice,238,156,155,"['Občanská demokratická strana', 'Řád národa - Vlastenecká unie', 'CESTA ODPOVĚDNÉ SPOLEČNOSTI', 'Česká str.sociálně demokrat.', 'Radostné Česko', 'STAROSTOVÉ A NEZÁVISLÍ', 'Komunistická str.Čech a Moravy', 'Strana zelených', 'ROZUMNÍ-stop migraci,diktát.EU', 'Strana svobodných občanů', 'Blok proti islam.-Obran.domova', 'Občanská demokratická aliance', 'Česká pirátská strana', 'Unie H.A.V.E.L.', 'Referendum o Evropské unii', 'TOP 09', 'ANO 2011', 'Dobrá volba 2016', 'SPR-Republ.str.Čsl. M.Sládka', 'Křesť.demokr.unie-Čs.str.lid.', 'Česká strana národně sociální', 'REALISTÉ', 'SPORTOVCI', 'Dělnic.str.sociální spravedl.', 'Svob.a př.dem.-T.Okamura (SPD)', 'Strana Práv Občanů']",https://volby.cz/pls/ps2017nss/ps311?xjazyk=CZ&xkraj=2&xobec=532550&xvyber=2101
538710,Řehenice,366,252,252,"['Občanská demokratická strana', 'Řád národa - Vlastenecká unie', 'CESTA ODPOVĚDNÉ SPOLEČNOSTI', 'Česká str.sociálně demokrat.', 'Radostné Česko', 'STAROSTOVÉ A NEZÁVISLÍ', 'Komunistická str.Čech a Moravy', 'Strana zelených', 'ROZUMNÍ-stop migraci,diktát.EU', 'Strana svobodných občanů', 'Blok proti islam.-Obran.domova', 'Občanská demokratická aliance', 'Česká pirátská strana', 'Unie H.A.V.E.L.', 'Referendum o Evropské unii', 'TOP 09', 'ANO 2011', 'Dobrá volba 2016', 'SPR-Republ.str.Čsl. M.Sládka', 'Křesť.demokr.unie-Čs.str.lid.', 'Česká strana národně sociální', 'REALISTÉ', 'SPORTOVCI', 'Dělnic.str.sociální spravedl.', 'Svob.a př.dem.-T.Okamura (SPD)', 'Strana Práv Občanů']",https://volby.cz/pls/ps2017nss/ps311?xjazyk=CZ&xkraj=2&xobec=538710&xvyber=2101
532941,Řimovice,180,108,108,"['Občanská demokratická strana', 'Řád národa - Vlastenecká unie', 'CESTA ODPOVĚDNÉ SPOLEČNOSTI', 'Česká str.sociálně demokrat.', 'Radostné Česko', 'STAROSTOVÉ A NEZÁVISLÍ', 'Komunistická str.Čech a Moravy', 'Strana zelených', 'ROZUMNÍ-stop migraci,diktát.EU', 'Strana svobodných občanů', 'Blok proti islam.-Obran.domova', 'Občanská demokratická aliance', 'Česká pirátská strana', 'Unie H.A.V.E.L.', 'Referendum o Evropské unii', 'TOP 09', 'ANO 2011', 'Dobrá volba 2016', 'SPR-Republ.str.Čsl. M.Sládka', 'Křesť.demokr.unie-Čs.str.lid.', 'Česká strana národně sociální', 'REALISTÉ', 'SPORTOVCI', 'Dělnic.str.sociální spravedl.', 'Svob.a př.dem.-T.Okamura (SPD)', 'Strana Práv Občanů']",https://volby.cz/pls/ps2017nss/ps311?xjazyk=CZ&xkraj=2&xobec=532941&xvyber=2101
534382,Sázava,3090,1881,1867,"['Občanská demokratická strana', 'Řád národa - Vlastenecká unie', 'CESTA ODPOVĚDNÉ SPOLEČNOSTI', 'Česká str.sociálně demokrat.', 'Radostné Česko', 'STAROSTOVÉ A NEZÁVISLÍ', 'Komunistická str.Čech a Moravy', 'Strana zelených', 'ROZUMNÍ-stop migraci,diktát.EU', 'Strana svobodných občanů', 'Blok proti islam.-Obran.domova', 'Občanská demokratická aliance', 'Česká pirátská strana', 'Unie H.A.V.E.L.', 'Referendum o Evropské unii', 'TOP 09', 'ANO 2011', 'Dobrá volba 2016', 'SPR-Republ.str.Čsl. M.Sládka', 'Křesť.demokr.unie-Čs.str.lid.', 'Česká strana národně sociální', 'REALISTÉ', 'SPORTOVCI', 'Dělnic.str.sociální spravedl.', 'Svob.a př.dem.-T.Okamura (SPD)', 'Strana Práv Občanů']",https://volby.cz/pls/ps2017nss/ps33?xjazyk=CZ&xkraj=2&xobec=534382
532231,Slověnice,31,22,22,"['Občanská demokratická strana', 'Řád národa - Vlastenecká unie', 'CESTA ODPOVĚDNÉ SPOLEČNOSTI', 'Česká str.sociálně demokrat.', 'Radostné Česko', 'STAROSTOVÉ A NEZÁVISLÍ', 'Komunistická str.Čech a Moravy', 'Strana zelených', 'ROZUMNÍ-stop migraci,diktát.EU', 'Strana svobodných občanů', 'Blok proti islam.-Obran.domova', 'Občanská demokratická aliance', 'Česká pirátská strana', 'Unie H.A.V.E.L.', 'Referendum o Evropské unii', 'TOP 09', 'ANO 2011', 'Dobrá volba 2016', 'SPR-Republ.str.Čsl. M.Sládka', 'Křesť.demokr.unie-Čs.str.lid.', 'Česká strana národně sociální', 'REALISTÉ', 'SPORTOVCI', 'Dělnic.str.sociální spravedl.', 'Svob.a př.dem.-T.Okamura (SPD)', 'Strana Práv Občanů']",https://volby.cz/pls/ps2017nss/ps311?xjazyk=CZ&xkraj=2&xobec=532231&xvyber=2101
530611,Smilkov,231,146,144,"['Občanská demokratická strana', 'Řád národa - Vlastenecká unie', 'CESTA ODPOVĚDNÉ SPOLEČNOSTI', 'Česká str.sociálně demokrat.', 'Radostné Česko', 'STAROSTOVÉ A NEZÁVISLÍ', 'Komunistická str.Čech a Moravy', 'Strana zelených', 'ROZUMNÍ-stop migraci,diktát.EU', 'Strana svobodných občanů', 'Blok proti islam.-Obran.domova', 'Občanská demokratická aliance', 'Česká pirátská strana', 'Unie H.A.V.E.L.', 'Referendum o Evropské unii', 'TOP 09', 'ANO 2011', 'Dobrá volba 2016', 'SPR-Republ.str.Čsl. M.Sládka', 'Křesť.demokr.unie-Čs.str.lid.', 'Česká strana národně sociální', 'REALISTÉ', 'SPORTOVCI', 'Dělnic.str.sociální spravedl.', 'Svob.a př.dem.-T.Okamura (SPD)', 'Strana Práv Občanů']",https://volby.cz/pls/ps2017nss/ps311?xjazyk=CZ&xkraj=2&xobec=530611&xvyber=2101
532436,Snět,89,64,64,"['Občanská demokratická strana', 'Řád národa - Vlastenecká unie', 'CESTA ODPOVĚDNÉ SPOLEČNOSTI', 'Česká str.sociálně demokrat.', 'Radostné Česko', 'STAROSTOVÉ A NEZÁVISLÍ', 'Komunistická str.Čech a Moravy', 'Strana zelených', 'ROZUMNÍ-stop migraci,diktát.EU', 'Strana svobodných občanů', 'Blok proti islam.-Obran.domova', 'Občanská demokratická aliance', 'Česká pirátská strana', 'Unie H.A.V.E.L.', 'Referendum o Evropské unii', 'TOP 09', 'ANO 2011', 'Dobrá volba 2016', 'SPR-Republ.str.Čsl. M.Sládka', 'Křesť.demokr.unie-Čs.str.lid.', 'Česká strana národně sociální', 'REALISTÉ', 'SPORTOVCI', 'Dělnic.str.sociální spravedl.', 'Svob.a př.dem.-T.Okamura (SPD)', 'Strana Práv Občanů']",https://volby.cz/pls/ps2017nss/ps311?xjazyk=CZ&xkraj=2&xobec=532436&xvyber=2101
530638,Soběhrdy,319,227,225,"['Občanská demokratická strana', 'Řád národa - Vlastenecká unie', 'CESTA ODPOVĚDNÉ SPOLEČNOSTI', 'Česká str.sociálně demokrat.', 'Radostné Česko', 'STAROSTOVÉ A NEZÁVISLÍ', 'Komunistická str.Čech a Moravy', 'Strana zelených', 'ROZUMNÍ-stop migraci,diktát.EU', 'Strana svobodných občanů', 'Blok proti islam.-Obran.domova', 'Občanská demokratická aliance', 'Česká pirátská strana', 'Unie H.A.V.E.L.', 'Referendum o Evropské unii', 'TOP 09', 'ANO 2011', 'Dobrá volba 2016', 'SPR-Republ.str.Čsl. M.Sládka', 'Křesť.demokr.unie-Čs.str.lid.', 'Česká strana národně sociální', 'REALISTÉ', 'SPORTOVCI', 'Dělnic.str.sociální spravedl.', 'Svob.a př.dem.-T.Okamura (SPD)', 'Strana Práv Občanů']",https://volby.cz/pls/ps2017nss/ps311?xjazyk=CZ&xkraj=2&xobec=530638&xvyber=2101
599387,Soutice,219,146,146,"['Občanská demokratická strana', 'Řád národa - Vlastenecká unie', 'CESTA ODPOVĚDNÉ SPOLEČNOSTI', 'Česká str.sociálně demokrat.', 'Radostné Česko', 'STAROSTOVÉ A NEZÁVISLÍ', 'Komunistická str.Čech a Moravy', 'Strana zelených', 'ROZUMNÍ-stop migraci,diktát.EU', 'Strana svobodných občanů', 'Blok proti islam.-Obran.domova', 'Občanská demokratická aliance', 'Česká pirátská strana', 'Unie H.A.V.E.L.', 'Referendum o Evropské unii', 'TOP 09', 'ANO 2011', 'Dobrá volba 2016', 'SPR-Republ.str.Čsl. M.Sládka', 'Křesť.demokr.unie-Čs.str.lid.', 'Česká strana národně sociální', 'REALISTÉ', 'SPORTOVCI', 'Dělnic.str.sociální spravedl.', 'Svob.a př.dem.-T.Okamura (SPD)', 'Strana Práv Občanů']",https://volby.cz/pls/ps2017nss/ps311?xjazyk=CZ&xkraj=2&xobec=599387&xvyber=2101
599379,Stranný,82,51,51,"['Občanská demokratická strana', 'Řád národa - Vlastenecká unie', 'CESTA ODPOVĚDNÉ SPOLEČNOSTI', 'Česká str.sociálně demokrat.', 'Radostné Česko', 'STAROSTOVÉ A NEZÁVISLÍ', 'Komunistická str.Čech a Moravy', 'Strana zelených', 'ROZUMNÍ-stop migraci,diktát.EU', 'Strana svobodných občanů', 'Blok proti islam.-Obran.domova', 'Občanská demokratická aliance', 'Česká pirátská strana', 'Unie H.A.V.E.L.', 'Referendum o Evropské unii', 'TOP 09', 'ANO 2011', 'Dobrá volba 2016', 'SPR-Republ.str.Čsl. M.Sládka', 'Křesť.demokr.unie-Čs.str.lid.', 'Česká strana národně sociální', 'REALISTÉ', 'SPORTOVCI', 'Dělnic.str.sociální spravedl.', 'Svob.a př.dem.-T.Okamura (SPD)', 'Strana Práv Občanů']",https://volby.cz/pls/ps2017nss/ps311?xjazyk=CZ&xkraj=2&xobec=599379&xvyber=2101
599361,Strojetice,103,77,76,"['Občanská demokratická strana', 'Řád národa - Vlastenecká unie', 'CESTA ODPOVĚDNÉ SPOLEČNOSTI', 'Česká str.sociálně demokrat.', 'Radostné Česko', 'STAROSTOVÉ A NEZÁVISLÍ', 'Komunistická str.Čech a Moravy', 'Strana zelených', 'ROZUMNÍ-stop migraci,diktát.EU', 'Strana svobodných občanů', 'Blok proti islam.-Obran.domova', 'Občanská demokratická aliance', 'Česká pirátská strana', 'Unie H.A.V.E.L.', 'Referendum o Evropské unii', 'TOP 09', 'ANO 2011', 'Dobrá volba 2016', 'SPR-Republ.str.Čsl. M.Sládka', 'Křesť.demokr.unie-Čs.str.lid.', 'Česká strana národně sociální', 'REALISTÉ', 'SPORTOVCI', 'Dělnic.str.sociální spravedl.', 'Svob.a př.dem.-T.Okamura (SPD)', 'Strana Práv Občanů']",https://volby.cz/pls/ps2017nss/ps311?xjazyk=CZ&xkraj=2&xobec=599361&xvyber=2101
530689,Struhařov,670,461,459,"['Občanská demokratická strana', 'Řád národa - Vlastenecká unie', 'CESTA ODPOVĚDNÉ SPOLEČNOSTI', 'Česká str.sociálně demokrat.', 'Radostné Česko', 'STAROSTOVÉ A NEZÁVISLÍ', 'Komunistická str.Čech a Moravy', 'Strana zelených', 'ROZUMNÍ-stop migraci,diktát.EU', 'Strana svobodných občanů', 'Blok proti islam.-Obran.domova', 'Občanská demokratická aliance', 'Česká pirátská strana', 'Unie H.A.V.E.L.', 'Referendum o Evropské unii', 'TOP 09', 'ANO 2011', 'Dobrá volba 2016', 'SPR-Republ.str.Čsl. M.Sládka', 'Křesť.demokr.unie-Čs.str.lid.', 'Česká strana národně sociální', 'REALISTÉ', 'SPORTOVCI', 'Dělnic.str.sociální spravedl.', 'Svob.a př.dem.-T.Okamura (SPD)', 'Strana Práv Občanů']",https://volby.cz/pls/ps2017nss/ps33?xjazyk=CZ&xkraj=2&xobec=530689
530701,Střezimíř,263,174,174,"['Občanská demokratická strana', 'Řád národa - Vlastenecká unie', 'CESTA ODPOVĚDNÉ SPOLEČNOSTI', 'Česká str.sociálně demokrat.', 'Radostné Česko', 'STAROSTOVÉ A NEZÁVISLÍ', 'Komunistická str.Čech a Moravy', 'Strana zelených', 'ROZUMNÍ-stop migraci,diktát.EU', 'Strana svobodných občanů', 'Blok proti islam.-Obran.domova', 'Občanská demokratická aliance', 'Česká pirátská strana', 'Unie H.A.V.E.L.', 'Referendum o Evropské unii', 'TOP 09', 'ANO 2011', 'Dobrá volba 2016', 'SPR-Republ.str.Čsl. M.Sládka', 'Křesť.demokr.unie-Čs.str.lid.', 'Česká strana národně sociální', 'REALISTÉ', 'SPORTOVCI', 'Dělnic.str.sociální spravedl.', 'Svob.a př.dem.-T.Okamura (SPD)', 'Strana Práv Občanů']",https://volby.cz/pls/ps2017nss/ps311?xjazyk=CZ&xkraj=2&xobec=530701&xvyber=2101
530719,Studený,82,54,54,"['Občanská demokratická strana', 'Řád národa - Vlastenecká unie', 'CESTA ODPOVĚDNÉ SPOLEČNOSTI', 'Česká str.sociálně demokrat.', 'Radostné Česko', 'STAROSTOVÉ A NEZÁVISLÍ', 'Komunistická str.Čech a Moravy', 'Strana zelených', 'ROZUMNÍ-stop migraci,diktát.EU', 'Strana svobodných občanů', 'Blok proti islam.-Obran.domova', 'Občanská demokratická aliance', 'Česká pirátská strana', 'Unie H.A.V.E.L.', 'Referendum o Evropské unii', 'TOP 09', 'ANO 2011', 'Dobrá volba 2016', 'SPR-Republ.str.Čsl. M.Sládka', 'Křesť.demokr.unie-Čs.str.lid.', 'Česká strana národně sociální', 'REALISTÉ', 'SPORTOVCI', 'Dělnic.str.sociální spravedl.', 'Svob.a př.dem.-T.Okamura (SPD)', 'Strana Práv Občanů']",https://volby.cz/pls/ps2017nss/ps311?xjazyk=CZ&xkraj=2&xobec=530719&xvyber=2101
532509,Šetějovice,48,38,38,"['Občanská demokratická strana', 'Řád národa - Vlastenecká unie', 'CESTA ODPOVĚDNÉ SPOLEČNOSTI', 'Česká str.sociálně demokrat.', 'Radostné Česko', 'STAROSTOVÉ A NEZÁVISLÍ', 'Komunistická str.Čech a Moravy', 'Strana zelených', 'ROZUMNÍ-stop migraci,diktát.EU', 'Strana svobodných občanů', 'Blok proti islam.-Obran.domova', 'Občanská demokratická aliance', 'Česká pirátská strana', 'Unie H.A.V.E.L.', 'Referendum o Evropské unii', 'TOP 09', 'ANO 2011', 'Dobrá volba 2016', 'SPR-Republ.str.Čsl. M.Sládka', 'Křesť.demokr.unie-Čs.str.lid.', 'Česká strana národně sociální', 'REALISTÉ', 'SPORTOVCI', 'Dělnic.str.sociální spravedl.', 'Svob.a př.dem.-T.Okamura (SPD)', 'Strana Práv Občanů']",https://volby.cz/pls/ps2017nss/ps311?xjazyk=CZ&xkraj=2&xobec=532509&xvyber=2101
530751,Tehov,249,165,165,"['Občanská demokratická strana', 'Řád národa - Vlastenecká unie', 'CESTA ODPOVĚDNÉ SPOLEČNOSTI', 'Česká str.sociálně demokrat.', 'Radostné Česko', 'STAROSTOVÉ A NEZÁVISLÍ', 'Komunistická str.Čech a Moravy', 'Strana zelených', 'ROZUMNÍ-stop migraci,diktát.EU', 'Strana svobodných občanů', 'Blok proti islam.-Obran.domova', 'Občanská demokratická aliance', 'Česká pirátská strana', 'Unie H.A.V.E.L.', 'Referendum o Evropské unii', 'TOP 09', 'ANO 2011', 'Dobrá volba 2016', 'SPR-Republ.str.Čsl. M.Sládka', 'Křesť.demokr.unie-Čs.str.lid.', 'Česká strana národně sociální', 'REALISTÉ', 'SPORTOVCI', 'Dělnic.str.sociální spravedl.', 'Svob.a př.dem.-T.Okamura (SPD)', 'Strana Práv Občanů']",https://volby.cz/pls/ps2017nss/ps311?xjazyk=CZ&xkraj=2&xobec=530751&xvyber=2101
530760,Teplýšovice,383,289,288,"['Občanská demokratická strana', 'Řád národa - Vlastenecká unie', 'CESTA ODPOVĚDNÉ SPOLEČNOSTI', 'Česká str.sociálně demokrat.', 'Radostné Česko', 'STAROSTOVÉ A NEZÁVISLÍ', 'Komunistická str.Čech a Moravy', 'Strana zelených', 'ROZUMNÍ-stop migraci,diktát.EU', 'Strana svobodných občanů', 'Blok proti islam.-Obran.domova', 'Občanská demokratická aliance', 'Česká pirátská strana', 'Unie H.A.V.E.L.', 'Referendum o Evropské unii', 'TOP 09', 'ANO 2011', 'Dobrá volba 2016', 'SPR-Republ.str.Čsl. M.Sládka', 'Křesť.demokr.unie-Čs.str.lid.', 'Česká strana národně sociální', 'REALISTÉ', 'SPORTOVCI', 'Dělnic.str.sociální spravedl.', 'Svob.a př.dem.-T.Okamura (SPD)', 'Strana Práv Občanů']",https://volby.cz/pls/ps2017nss/ps311?xjazyk=CZ&xkraj=2&xobec=530760&xvyber=2101
530778,Tichonice,179,137,137,"['Občanská demokratická strana', 'Řád národa - Vlastenecká unie', 'CESTA ODPOVĚDNÉ SPOLEČNOSTI', 'Česká str.sociálně demokrat.', 'Radostné Česko', 'STAROSTOVÉ A NEZÁVISLÍ', 'Komunistická str.Čech a Moravy', 'Strana zelených', 'ROZUMNÍ-stop migraci,diktát.EU', 'Strana svobodných občanů', 'Blok proti islam.-Obran.domova', 'Občanská demokratická aliance', 'Česká pirátská strana', 'Unie H.A.V.E.L.', 'Referendum o Evropské unii', 'TOP 09', 'ANO 2011', 'Dobrá volba 2016', 'SPR-Republ.str.Čsl. M.Sládka', 'Křesť.demokr.unie-Čs.str.lid.', 'Česká strana národně sociální', 'REALISTÉ', 'SPORTOVCI', 'Dělnic.str.sociální spravedl.', 'Svob.a př.dem.-T.Okamura (SPD)', 'Strana Práv Občanů']",https://volby.cz/pls/ps2017nss/ps311?xjazyk=CZ&xkraj=2&xobec=530778&xvyber=2101
532592,Tisem,184,128,128,"['Občanská demokratická strana', 'Řád národa - Vlastenecká unie', 'CESTA ODPOVĚDNÉ SPOLEČNOSTI', 'Česká str.sociálně demokrat.', 'Radostné Česko', 'STAROSTOVÉ A NEZÁVISLÍ', 'Komunistická str.Čech a Moravy', 'Strana zelených', 'ROZUMNÍ-stop migraci,diktát.EU', 'Strana svobodných občanů', 'Blok proti islam.-Obran.domova', 'Občanská demokratická aliance', 'Česká pirátská strana', 'Unie H.A.V.E.L.', 'Referendum o Evropské unii', 'TOP 09', 'ANO 2011', 'Dobrá volba 2016', 'SPR-Republ.str.Čsl. M.Sládka', 'Křesť.demokr.unie-Čs.str.lid.', 'Česká strana národně sociální', 'REALISTÉ', 'SPORTOVCI', 'Dělnic.str.sociální spravedl.', 'Svob.a př.dem.-T.Okamura (SPD)', 'Strana Práv Občanů']",https://volby.cz/pls/ps2017nss/ps311?xjazyk=CZ&xkraj=2&xobec=532592&xvyber=2101
532541,Tomice,105,75,75,"['Občanská demokratická strana', 'Řád národa - Vlastenecká unie', 'CESTA ODPOVĚDNÉ SPOLEČNOSTI', 'Česká str.sociálně demokrat.', 'Radostné Česko', 'STAROSTOVÉ A NEZÁVISLÍ', 'Komunistická str.Čech a Moravy', 'Strana zelených', 'ROZUMNÍ-stop migraci,diktát.EU', 'Strana svobodných občanů', 'Blok proti islam.-Obran.domova', 'Občanská demokratická aliance', 'Česká pirátská strana', 'Unie H.A.V.E.L.', 'Referendum o Evropské unii', 'TOP 09', 'ANO 2011', 'Dobrá volba 2016', 'SPR-Republ.str.Čsl. M.Sládka', 'Křesť.demokr.unie-Čs.str.lid.', 'Česká strana národně sociální', 'REALISTÉ', 'SPORTOVCI', 'Dělnic.str.sociální spravedl.', 'Svob.a př.dem.-T.Okamura (SPD)', 'Strana Práv Občanů']",https://volby.cz/pls/ps2017nss/ps311?xjazyk=CZ&xkraj=2&xobec=532541&xvyber=2101
530816,Trhový Štěpánov,1 029,643,634,"['Občanská demokratická strana', 'Řád národa - Vlastenecká unie', 'CESTA ODPOVĚDNÉ SPOLEČNOSTI', 'Česká str.sociálně demokrat.', 'Radostné Česko', 'STAROSTOVÉ A NEZÁVISLÍ', 'Komunistická str.Čech a Moravy', 'Strana zelených', 'ROZUMNÍ-stop migraci,diktát.EU', 'Strana svobodných občanů', 'Blok proti islam.-Obran.domova', 'Občanská demokratická aliance', 'Česká pirátská strana', 'Unie H.A.V.E.L.', 'Referendum o Evropské unii', 'TOP 09', 'ANO 2011', 'Dobrá volba 2016', 'SPR-Republ.str.Čsl. M.Sládka', 'Křesť.demokr.unie-Čs.str.lid.', 'Česká strana národně sociální', 'REALISTÉ', 'SPORTOVCI', 'Dělnic.str.sociální spravedl.', 'Svob.a př.dem.-T.Okamura (SPD)', 'Strana Práv Občanů']",https://volby.cz/pls/ps2017nss/ps311?xjazyk=CZ&xkraj=2&xobec=530816&xvyber=2101
532304,Třebešice,82,68,68,"['Občanská demokratická strana', 'Řád národa - Vlastenecká unie', 'CESTA ODPOVĚDNÉ SPOLEČNOSTI', 'Česká str.sociálně demokrat.', 'Radostné Česko', 'STAROSTOVÉ A NEZÁVISLÍ', 'Komunistická str.Čech a Moravy', 'Strana zelených', 'ROZUMNÍ-stop migraci,diktát.EU', 'Strana svobodných občanů', 'Blok proti islam.-Obran.domova', 'Občanská demokratická aliance', 'Česká pirátská strana', 'Unie H.A.V.E.L.', 'Referendum o Evropské unii', 'TOP 09', 'ANO 2011', 'Dobrá volba 2016', 'SPR-Republ.str.Čsl. M.Sládka', 'Křesť.demokr.unie-Čs.str.lid.', 'Česká strana národně sociální', 'REALISTÉ', 'SPORTOVCI', 'Dělnic.str.sociální spravedl.', 'Svob.a př.dem.-T.Okamura (SPD)', 'Strana Práv Občanů']",https://volby.cz/pls/ps2017nss/ps311?xjazyk=CZ&xkraj=2&xobec=532304&xvyber=2101
530841,Týnec nad Sázavou,4550,2943,2922,"['Občanská demokratická strana', 'Řád národa - Vlastenecká unie', 'CESTA ODPOVĚDNÉ SPOLEČNOSTI', 'Česká str.sociálně demokrat.', 'Radostné Česko', 'STAROSTOVÉ A NEZÁVISLÍ', 'Komunistická str.Čech a Moravy', 'Strana zelených', 'ROZUMNÍ-stop migraci,diktát.EU', 'Strana svobodných občanů', 'Blok proti islam.-Obran.domova', 'Občanská demokratická aliance', 'Česká pirátská strana', 'Unie H.A.V.E.L.', 'Referendum o Evropské unii', 'TOP 09', 'ANO 2011', 'Dobrá volba 2016', 'SPR-Republ.str.Čsl. M.Sládka', 'Křesť.demokr.unie-Čs.str.lid.', 'Česká strana národně sociální', 'REALISTÉ', 'SPORTOVCI', 'Dělnic.str.sociální spravedl.', 'Svob.a př.dem.-T.Okamura (SPD)', 'Strana Práv Občanů']",https://volby.cz/pls/ps2017nss/ps33?xjazyk=CZ&xkraj=2&xobec=530841
532061,Václavice,455,290,289,"['Občanská demokratická strana', 'Řád národa - Vlastenecká unie', 'CESTA ODPOVĚDNÉ SPOLEČNOSTI', 'Česká str.sociálně demokrat.', 'Radostné Česko', 'STAROSTOVÉ A NEZÁVISLÍ', 'Komunistická str.Čech a Moravy', 'Strana zelených', 'ROZUMNÍ-stop migraci,diktát.EU', 'Strana svobodných občanů', 'Blok proti islam.-Obran.domova', 'Občanská demokratická aliance', 'Česká pirátská strana', 'Unie H.A.V.E.L.', 'Referendum o Evropské unii', 'TOP 09', 'ANO 2011', 'Dobrá volba 2016', 'SPR-Republ.str.Čsl. M.Sládka', 'Křesť.demokr.unie-Čs.str.lid.', 'Česká strana národně sociální', 'REALISTÉ', 'SPORTOVCI', 'Dělnic.str.sociální spravedl.', 'Svob.a př.dem.-T.Okamura (SPD)', 'Strana Práv Občanů']",https://volby.cz/pls/ps2017nss/ps311?xjazyk=CZ&xkraj=2&xobec=532061&xvyber=2101
530867,Veliš,270,189,189,"['Občanská demokratická strana', 'Řád národa - Vlastenecká unie', 'CESTA ODPOVĚDNÉ SPOLEČNOSTI', 'Česká str.sociálně demokrat.', 'Radostné Česko', 'STAROSTOVÉ A NEZÁVISLÍ', 'Komunistická str.Čech a Moravy', 'Strana zelených', 'ROZUMNÍ-stop migraci,diktát.EU', 'Strana svobodných občanů', 'Blok proti islam.-Obran.domova', 'Občanská demokratická aliance', 'Česká pirátská strana', 'Unie H.A.V.E.L.', 'Referendum o Evropské unii', 'TOP 09', 'ANO 2011', 'Dobrá volba 2016', 'SPR-Republ.str.Čsl. M.Sládka', 'Křesť.demokr.unie-Čs.str.lid.', 'Česká strana národně sociální', 'REALISTÉ', 'SPORTOVCI', 'Dělnic.str.sociální spravedl.', 'Svob.a př.dem.-T.Okamura (SPD)', 'Strana Práv Občanů']",https://volby.cz/pls/ps2017nss/ps311?xjazyk=CZ&xkraj=2&xobec=530867&xvyber=2101
530883,Vlašim,9453,5687,5644,"['Občanská demokratická strana', 'Řád národa - Vlastenecká unie', 'CESTA ODPOVĚDNÉ SPOLEČNOSTI', 'Česká str.sociálně demokrat.', 'Radostné Česko', 'STAROSTOVÉ A NEZÁVISLÍ', 'Komunistická str.Čech a Moravy', 'Strana zelených', 'ROZUMNÍ-stop migraci,diktát.EU', 'Strana svobodných občanů', 'Blok proti islam.-Obran.domova', 'Občanská demokratická aliance', 'Česká pirátská strana', 'Unie H.A.V.E.L.', 'Referendum o Evropské unii', 'TOP 09', 'ANO 2011', 'Dobrá volba 2016', 'SPR-Republ.str.Čsl. M.Sládka', 'Křesť.demokr.unie-Čs.str.lid.', 'Česká strana národně sociální', 'REALISTÉ', 'SPORTOVCI', 'Dělnic.str.sociální spravedl.', 'Svob.a př.dem.-T.Okamura (SPD)', 'Strana Práv Občanů']",https://volby.cz/pls/ps2017nss/ps33?xjazyk=CZ&xkraj=2&xobec=530883
532614,Vodslivy,84,43,43,"['Občanská demokratická strana', 'Řád národa - Vlastenecká unie', 'CESTA ODPOVĚDNÉ SPOLEČNOSTI', 'Česká str.sociálně demokrat.', 'Radostné Česko', 'STAROSTOVÉ A NEZÁVISLÍ', 'Komunistická str.Čech a Moravy', 'Strana zelených', 'ROZUMNÍ-stop migraci,diktát.EU', 'Strana svobodných občanů', 'Blok proti islam.-Obran.domova', 'Občanská demokratická aliance', 'Česká pirátská strana', 'Unie H.A.V.E.L.', 'Referendum o Evropské unii', 'TOP 09', 'ANO 2011', 'Dobrá volba 2016', 'SPR-Republ.str.Čsl. M.Sládka', 'Křesť.demokr.unie-Čs.str.lid.', 'Česká strana národně sociální', 'REALISTÉ', 'SPORTOVCI', 'Dělnic.str.sociální spravedl.', 'Svob.a př.dem.-T.Okamura (SPD)', 'Strana Práv Občanů']",https://volby.cz/pls/ps2017nss/ps311?xjazyk=CZ&xkraj=2&xobec=532614&xvyber=2101
530891,Vojkov,427,250,249,"['Občanská demokratická strana', 'Řád národa - Vlastenecká unie', 'CESTA ODPOVĚDNÉ SPOLEČNOSTI', 'Česká str.sociálně demokrat.', 'Radostné Česko', 'STAROSTOVÉ A NEZÁVISLÍ', 'Komunistická str.Čech a Moravy', 'Strana zelených', 'ROZUMNÍ-stop migraci,diktát.EU', 'Strana svobodných občanů', 'Blok proti islam.-Obran.domova', 'Občanská demokratická aliance', 'Česká pirátská strana', 'Unie H.A.V.E.L.', 'Referendum o Evropské unii', 'TOP 09', 'ANO 2011', 'Dobrá volba 2016', 'SPR-Republ.str.Čsl. M.Sládka', 'Křesť.demokr.unie-Čs.str.lid.', 'Česká strana národně sociální', 'REALISTÉ', 'SPORTOVCI', 'Dělnic.str.sociální spravedl.', 'Svob.a př.dem.-T.Okamura (SPD)', 'Strana Práv Občanů']",https://volby.cz/pls/ps2017nss/ps311?xjazyk=CZ&xkraj=2&xobec=530891&xvyber=2101
530905,Votice,3676,2230,2219,"['Občanská demokratická strana', 'Řád národa - Vlastenecká unie', 'CESTA ODPOVĚDNÉ SPOLEČNOSTI', 'Česká str.sociálně demokrat.', 'Radostné Česko', 'STAROSTOVÉ A NEZÁVISLÍ', 'Komunistická str.Čech a Moravy', 'Strana zelených', 'ROZUMNÍ-stop migraci,diktát.EU', 'Strana svobodných občanů', 'Blok proti islam.-Obran.domova', 'Občanská demokratická aliance', 'Česká pirátská strana', 'Unie H.A.V.E.L.', 'Referendum o Evropské unii', 'TOP 09', 'ANO 2011', 'Dobrá volba 2016', 'SPR-Republ.str.Čsl. M.Sládka', 'Křesť.demokr.unie-Čs.str.lid.', 'Česká strana národně sociální', 'REALISTÉ', 'SPORTOVCI', 'Dělnic.str.sociální spravedl.', 'Svob.a př.dem.-T.Okamura (SPD)', 'Strana Práv Občanů']",https://volby.cz/pls/ps2017nss/ps33?xjazyk=CZ&xkraj=2&xobec=530905
530913,Vracovice,326,201,199,"['Občanská demokratická strana', 'Řád národa - Vlastenecká unie', 'CESTA ODPOVĚDNÉ SPOLEČNOSTI', 'Česká str.sociálně demokrat.', 'Radostné Česko', 'STAROSTOVÉ A NEZÁVISLÍ', 'Komunistická str.Čech a Moravy', 'Strana zelených', 'ROZUMNÍ-stop migraci,diktát.EU', 'Strana svobodných občanů', 'Blok proti islam.-Obran.domova', 'Občanská demokratická aliance', 'Česká pirátská strana', 'Unie H.A.V.E.L.', 'Referendum o Evropské unii', 'TOP 09', 'ANO 2011', 'Dobrá volba 2016', 'SPR-Republ.str.Čsl. M.Sládka', 'Křesť.demokr.unie-Čs.str.lid.', 'Česká strana národně sociální', 'REALISTÉ', 'SPORTOVCI', 'Dělnic.str.sociální spravedl.', 'Svob.a př.dem.-T.Okamura (SPD)', 'Strana Práv Občanů']",https://volby.cz/pls/ps2017nss/ps311?xjazyk=CZ&xkraj=2&xobec=530913&xvyber=2101
530921,Vranov,332,244,244,"['Občanská demokratická strana', 'Řád národa - Vlastenecká unie', 'CESTA ODPOVĚDNÉ SPOLEČNOSTI', 'Česká str.sociálně demokrat.', 'Radostné Česko', 'STAROSTOVÉ A NEZÁVISLÍ', 'Komunistická str.Čech a Moravy', 'Strana zelených', 'ROZUMNÍ-stop migraci,diktát.EU', 'Strana svobodných občanů', 'Blok proti islam.-Obran.domova', 'Občanská demokratická aliance', 'Česká pirátská strana', 'Unie H.A.V.E.L.', 'Referendum o Evropské unii', 'TOP 09', 'ANO 2011', 'Dobrá volba 2016', 'SPR-Republ.str.Čsl. M.Sládka', 'Křesť.demokr.unie-Čs.str.lid.', 'Česká strana národně sociální', 'REALISTÉ', 'SPORTOVCI', 'Dělnic.str.sociální spravedl.', 'Svob.a př.dem.-T.Okamura (SPD)', 'Strana Práv Občanů']",https://volby.cz/pls/ps2017nss/ps311?xjazyk=CZ&xkraj=2&xobec=530921&xvyber=2101
530948,Vrchotovy Janovice,785,492,488,"['Občanská demokratická strana', 'Řád národa - Vlastenecká unie', 'CESTA ODPOVĚDNÉ SPOLEČNOSTI', 'Česká str.sociálně demokrat.', 'Radostné Česko', 'STAROSTOVÉ A NEZÁVISLÍ', 'Komunistická str.Čech a Moravy', 'Strana zelených', 'ROZUMNÍ-stop migraci,diktát.EU', 'Strana svobodných občanů', 'Blok proti islam.-Obran.domova', 'Občanská demokratická aliance', 'Česká pirátská strana', 'Unie H.A.V.E.L.', 'Referendum o Evropské unii', 'TOP 09', 'ANO 2011', 'Dobrá volba 2016', 'SPR-Republ.str.Čsl. M.Sládka', 'Křesť.demokr.unie-Čs.str.lid.', 'Česká strana národně sociální', 'REALISTÉ', 'SPORTOVCI', 'Dělnic.str.sociální spravedl.', 'Svob.a př.dem.-T.Okamura (SPD)', 'Strana Práv Občanů']",https://volby.cz/pls/ps2017nss/ps311?xjazyk=CZ&xkraj=2&xobec=530948&xvyber=2101
532266,Všechlapy,84,65,64,"['Občanská demokratická strana', 'Řád národa - Vlastenecká unie', 'CESTA ODPOVĚDNÉ SPOLEČNOSTI', 'Česká str.sociálně demokrat.', 'Radostné Česko', 'STAROSTOVÉ A NEZÁVISLÍ', 'Komunistická str.Čech a Moravy', 'Strana zelených', 'ROZUMNÍ-stop migraci,diktát.EU', 'Strana svobodných občanů', 'Blok proti islam.-Obran.domova', 'Občanská demokratická aliance', 'Česká pirátská strana', 'Unie H.A.V.E.L.', 'Referendum o Evropské unii', 'TOP 09', 'ANO 2011', 'Dobrá volba 2016', 'SPR-Republ.str.Čsl. M.Sládka', 'Křesť.demokr.unie-Čs.str.lid.', 'Česká strana národně sociální', 'REALISTÉ', 'SPORTOVCI', 'Dělnic.str.sociální spravedl.', 'Svob.a př.dem.-T.Okamura (SPD)', 'Strana Práv Občanů']",https://volby.cz/pls/ps2017nss/ps311?xjazyk=CZ&xkraj=2&xobec=532266&xvyber=2101
513482,Vysoký Újezd,163,113,113,"['Občanská demokratická strana', 'Řád národa - Vlastenecká unie', 'CESTA ODPOVĚDNÉ SPOLEČNOSTI', 'Česká str.sociálně demokrat.', 'Radostné Česko', 'STAROSTOVÉ A NEZÁVISLÍ', 'Komunistická str.Čech a Moravy', 'Strana zelených', 'ROZUMNÍ-stop migraci,diktát.EU', 'Strana svobodných občanů', 'Blok proti islam.-Obran.domova', 'Občanská demokratická aliance', 'Česká pirátská strana', 'Unie H.A.V.E.L.', 'Referendum o Evropské unii', 'TOP 09', 'ANO 2011', 'Dobrá volba 2016', 'SPR-Republ.str.Čsl. M.Sládka', 'Křesť.demokr.unie-Čs.str.lid.', 'Česká strana národně sociální', 'REALISTÉ', 'SPORTOVCI', 'Dělnic.str.sociální spravedl.', 'Svob.a př.dem.-T.Okamura (SPD)', 'Strana Práv Občanů']",https://volby.cz/pls/ps2017nss/ps311?xjazyk=CZ&xkraj=2&xobec=513482&xvyber=2101
571415,Xaverov,49,36,36,"['Občanská demokratická strana', 'Řád národa - Vlastenecká unie', 'CESTA ODPOVĚDNÉ SPOLEČNOSTI', 'Česká str.sociálně demokrat.', 'Radostné Česko', 'STAROSTOVÉ A NEZÁVISLÍ', 'Komunistická str.Čech a Moravy', 'Strana zelených', 'ROZUMNÍ-stop migraci,diktát.EU', 'Strana svobodných občanů', 'Blok proti islam.-Obran.domova', 'Občanská demokratická aliance', 'Česká pirátská strana', 'Unie H.A.V.E.L.', 'Referendum o Evropské unii', 'TOP 09', 'ANO 2011', 'Dobrá volba 2016', 'SPR-Republ.str.Čsl. M.Sládka', 'Křesť.demokr.unie-Čs.str.lid.', 'Česká strana národně sociální', 'REALISTÉ', 'SPORTOVCI', 'Dělnic.str.sociální spravedl.', 'Svob.a př.dem.-T.Okamura (SPD)', 'Strana Práv Občanů']",https://volby.cz/pls/ps2017nss/ps311?xjazyk=CZ&xkraj=2&xobec=571415&xvyber=2101
531022,Zdislavice,462,320,318,"['Občanská demokratická strana', 'Řád národa - Vlastenecká unie', 'CESTA ODPOVĚDNÉ SPOLEČNOSTI', 'Česká str.sociálně demokrat.', 'Radostné Česko', 'STAROSTOVÉ A NEZÁVISLÍ', 'Komunistická str.Čech a Moravy', 'Strana zelených', 'ROZUMNÍ-stop migraci,diktát.EU', 'Strana svobodných občanů', 'Blok proti islam.-Obran.domova', 'Občanská demokratická aliance', 'Česká pirátská strana', 'Unie H.A.V.E.L.', 'Referendum o Evropské unii', 'TOP 09', 'ANO 2011', 'Dobrá volba 2016', 'SPR-Republ.str.Čsl. M.Sládka', 'Křesť.demokr.unie-Čs.str.lid.', 'Česká strana národně sociální', 'REALISTÉ', 'SPORTOVCI', 'Dělnic.str.sociální spravedl.', 'Svob.a př.dem.-T.Okamura (SPD)', 'Strana Práv Občanů']",https://volby.cz/pls/ps2017nss/ps311?xjazyk=CZ&xkraj=2&xobec=531022&xvyber=2101
531049,Zvěstov,303,178,178,"['Občanská demokratická strana', 'Řád národa - Vlastenecká unie', 'CESTA ODPOVĚDNÉ SPOLEČNOSTI', 'Česká str.sociálně demokrat.', 'Radostné Česko', 'STAROSTOVÉ A NEZÁVISLÍ', 'Komunistická str.Čech a Moravy', 'Strana zelených', 'ROZUMNÍ-stop migraci,diktát.EU', 'Strana svobodných občanů', 'Blok proti islam.-Obran.domova', 'Občanská demokratická aliance', 'Česká pirátská strana', 'Unie H.A.V.E.L.', 'Referendum o Evropské unii', 'TOP 09', 'ANO 2011', 'Dobrá volba 2016', 'SPR-Republ.str.Čsl. M.Sládka', 'Křesť.demokr.unie-Čs.str.lid.', 'Česká strana národně sociální', 'REALISTÉ', 'SPORTOVCI', 'Dělnic.str.sociální spravedl.', 'Svob.a př.dem.-T.Okamura (SPD)', 'Strana Práv Občanů']",https://volby.cz/pls/ps2017nss/ps311?xjazyk=CZ&xkraj=2&xobec=531049&xvyber=2101
